,x,y,content,class
0,-0.18224309193059954,-0.1780223233342099,guys love best u i  ,4
1,-0.20652034323483226,-0.20884414903383902,talk besties im cant girl wait one tonight meeting  ,4
2,-0.22585970280692114,-0.21509634489608034,sweetheart hin i got thanks show sunisa add dc area twitter meet  ,4
3,-0.13675406128426343,-0.1344201574286068,cheap being really real soup sick much hurts make food friends eat plus  ,4
4,-0.1804708726259801,-0.15976178387819653,effect everyone  ,4
5,-0.1777976858386008,-0.1647169927653722,tell laughing sulk come really you burst thanks making loud i  ,4
6,0.36970311393930894,-0.08199852202237107,already response find answer thans ihad  ,4
7,-0.1887232045493918,-0.17312765372887415,great time show hope jealous your love acm i vegas  ,4
8,-0.2001735848001904,-0.17591215840979185,finally ah fletcher mr joining congrats twitter  ,4
9,-0.13568530345523935,-0.1629300255858551,type responded errors cat stupid forgive helping i  ,4
10,8.205046458787477,0.18056147629906918,school ha watch hills told birthday happy crazy straiiight hours day jb  ,4
11,-0.16027199897791178,-0.15658346985839114,two men did show half about how love and that forget i  ,4
12,-0.24117697987948686,-0.14347101498489487,n't hang worry you haha  ,4
13,-0.25372374163470507,-0.1053960168089045,may already later addicting n't wo this usual least lost at nights feeling one many cause i  ,4
14,-0.17159381669604312,0.09657726690547803,permission miss n't lol video link make better lt so dm blessing first i gt sure post  ,4
15,-1.483651855747377,1.045612714272594,just added new tweetie iphone  ,4
16,-0.1324769660372671,-0.12677855625572734,yeah makakasama din really sana n't ko ako kung na gumaling para alam globe think know  ,4
17,-0.22723623248753821,-0.3217910666011153,sweet picture  ,4
18,-0.21966393447048757,-0.19345202274511983,cutting dinner random catching up early rss emails tonight bacn then i  ,4
19,-0.19482618752034803,-0.1299966696492066,room dizzy jamming getting ipod dancing well pjs asked around twitter  ,4
20,-0.170906681767634,-0.1593019550687255,contest peeps n't anyways did voting place thanks  ,4
21,-0.1536765753983277,-0.15194351716731422,goodnight bed dreams everyone going sweet  ,4
22,-0.14821392524482413,-0.1372919415114548,walking tomorrow deposit put  ,4
23,-0.16806328615144484,-0.2827623245922577,tha followinq shud now  ,4
24,-0.19187330798654148,-0.18564542998196623,twittering meant toilet are back quot somewhere add cubicle  ,4
25,-0.15833321969395556,-0.15629509072676204,cutie puppy holding aw well new mine he  ,4
26,-0.11682824476733593,-0.11374866953976992,kitteh crotch sleepin likes proves  ,4
27,-0.18182536178196007,-0.19164135559218193,agreed  ,4
28,-0.15285782358352998,-0.14954529794819962,hour bus find amritsar wagah reaching border  ,4
29,-0.18405242582309975,-0.1580537736572311,famous star let super you interview tonight thinking first i  ,4
30,-0.2076494063560277,-0.17554728635453573,time happy family spend  ,4
31,-0.2221228468142693,-0.1290870715662649,finally watch bed gon na tired didnt going the was hills  ,4
32,-0.18641141344651332,-0.01800983386383628,craving throat effing pina hurting colada/banana tired crazy ooooohh slushie got  ,4
33,-0.1379180387584511,-0.12847470016677348,dong upload indowebster di banggggg  ,4
34,-1.1981385840999441,-0.1825550496116599,welcome glad enjoyed  ,4
35,-0.18393147541678415,-0.14182797944593326,both omg ryt hahaha hook wer cuz how laughin d das rolll sheldawg  ,4
36,-0.193066122101628,-0.1829664477761844,better nurse bag pookie feel awww pray i  ,4
37,-0.2145126182862975,-0.15966708928297477,buddy yay new found cuddle  ,4
38,-0.16267218714235215,-0.1592331025025262,met snob i first life bad tonight too goes twitter think quot  ,4
39,-0.14393634947465583,-0.13892700495108198,tomorrow rehearsal across universe sleep  ,4
40,-0.17812072280061947,-0.15448704078691594,huh sweet dry potato  ,4
41,-0.16420522600750023,-0.15304886488508318,hope bus knight cruise you see great hear wait loved well hi i jon  ,4
42,-0.14827635422290752,-0.19745684518771917,phone long mom conversation  ,4
43,-0.33392141860104113,0.3033235647820022,lol yayyy say requested herrr  ,4
44,-0.1773633085784267,-0.16239853958792907,driving lines/mannerisms/voices shoot probably upcoming practicing brock feature crazy  ,4
45,-0.4382800120382417,-3.4958291050663535,go time read i cant new twilight enough going moon series  ,4
46,-0.11570140113859907,-0.07206110863598443,diana two sooooooo woot heels won the today omg ncaa anniversary dont month tar even love know much  ,4
47,-0.14047671812607654,-0.1259661951801496,i bored  ,4
48,-0.1756369877489814,-0.15708292193578893,asking square wallpaper red i  ,4
49,-0.1631334084245088,-0.14178998486691805,already response find thanks answer ihad  ,4
50,-0.15803238287566856,0.15927168313448853,yeah noticed well bb cuz i  ,4
51,-0.22415000540221428,-0.14600254592527687,just tryna inspired thats  ,4
52,-0.31683057908430506,-0.23266128466875405,n't night ca early workouts enough better much  ,4
53,-0.4180092514103879,-0.38533788194589147,see went purple n't ca way hot bob royal ass austin wait well color love ur woot annnd  ,4
54,-0.12275763624807014,-0.121891271528297,spike songs buffy met vivian one i got faith bunch faves body nerf quot herder  ,4
55,-0.205228152046887,-0.183045033411187,check gt wallpaper  ,4
56,-0.14069447786261094,-0.13345065175513274,hope great morning ahead everyone day tweetland long  ,4
57,-0.1633319346037512,-0.16704876238056982,uploading friendster pictures  ,4
58,-0.16160306313852407,-0.14348540588775147,pic days aw thanks dont love i  ,4
59,-0.14083046921782186,-0.1532005241037828,tonight noodlebox amanda  ,4
60,-0.20592978341200271,-0.1410726616868597,girlfriend jonas kevin different sorrry things i  ,4
61,-0.14001813562581178,-0.16921363792551575,lsd whoa singing maybe serious like.. hehe lolol j/k  ,4
62,-0.1429117437978636,-0.35162385731524537,loving life  ,4
63,-0.12981841294182797,-0.2128501206113659,damn ] sicilians planet best pizza says love [ i  ,4
64,-0.19362887007156918,-0.24117247604771777,gf chocolate loves milk yeah..  ,4
65,-0.17063623496458322,-0.16885683779163912,mine tomorrow tour going sutter old creek  ,4
66,-0.19387456010283055,-0.17385458464103146,coach soon personally become look cho strawberry going i  ,4
67,-0.13205286453782708,-0.12390443418625136,side losiento mesa guess live east earth  ,4
68,-0.1768495709831792,-0.16366265686863624,apart tryouts sore  ,4
69,-0.19333171864719492,-0.10967008122209232,keeen go days failed test holidays homo physics  ,4
70,-0.16774377029187668,-0.11630332407173158,seems great just improving looks look update alexa observed website  ,4
71,-0.1883847519179612,-0.16673270402038134,tell now geeking totally right us i  ,4
72,-0.11344114926869618,-0.11046732203949576,whenever want wherever go spacecowboy wish kids either work bonjour i  ,4
73,-0.18701634818135315,0.10874940833679302,goodnight  ,4
74,-0.16783753099348203,-0.15642235269214805,weird lol sick quite brother my  ,4
75,-0.16699870380163118,0.12220662141704913,hope cookie* hug feel better  ,4
76,-0.20057692744052377,0.3371667998719464,real hey hugs n't want rundown care hope take it i jon  ,4
77,-0.20961906793304597,-0.2009155757304582,wrote and poor hardcore spelling just highlighter toilet wash will wall correct  ,4
78,-0.15315124857456383,-0.13551825363837708,clubzone good dinner sushi tech meeting  ,4
79,-0.15339662307405186,-0.13678837711416553,thanks suggesting rock hook bro  ,4
80,-0.17266067846309116,-0.2945107493491345,thought n't go one i version know depends  ,4
81,-0.151784129403911,-0.13529231094029415,hurt weak yet doesnt much turn cant anyone punch still knobs pretty hand  ,4
82,0.5791247842064352,-0.048741924899215486,interesting lurkers now  ,4
83,-0.5826982088236,0.20627869392888565,north need mine still ee vote decide b ninage moovarolage hithavaru  ,4
84,-0.1517742457201799,-0.16078249017933846,um quality extra bought baby real paid sewed shit tag highest oach i koreans  ,4
85,-0.3035278576608833,0.12384602366531719,eating ice-cream chocolate topping  ,4
86,-0.18184090815149428,-0.12367931142979845,go step diddy lets telling me.. finished crunches  ,4
87,-0.1519787397164148,-0.1630675336504332,possible n't daaang guys long talk know  ,4
88,-0.21011369816962386,-0.15539815617569055,francisco west jose san mostly  ,4
89,-0.1883166853844326,-0.19282905319433882,nikki knee trying good working injury recover ass bike  ,4
90,-0.14998320272928245,-0.13695954959097031,need come unpack i help let afternoon sat love know  ,4
91,-0.20204330715966842,-0.18382144719694649,lt awesome shenagians team  ,4
92,-0.21679887704093442,-0.11446029334189095,chilling probably regret music gon back kick na till done work getting listening  ,4
93,-0.23232254714476028,0.29768313294504406,study think attraction timeless step wow amp law now rich so grow program amazing i  ,4
94,-0.1988778415824557,-0.20973121572846384,good really in glad week way crazy though feeling i it better oh  ,4
95,-0.14630045803587438,-0.1415987168446156,days comes summer days home till chris  ,4
96,-0.1594896536838206,-0.13860738616541554,days around yeah now  ,4
97,-0.1304303634056963,-0.12786806784334356,tell drinking lol one tweet first i  ,4
98,-0.11745281701404899,-0.11356631832196287,kay thanks  ,4
99,-0.19461412416769483,-0.13918821756179556,goodnight  ,4
100,-0.15677001732244636,-0.14729297137299505,watched really going game years baseball back determined anyone interested sport i  ,4
101,-0.20719441088219048,-0.1743679669512503,good becca good sleep  ,4
102,-0.17261737163884042,-0.1731683032244962,nkow lexington ky next home ohhh rite ur  ,4
103,-0.17829236792486347,-0.15430796550322803,w/ nuts broad seems just preview go wow amp movie beyonce crazy seen one quot obsessed  ,4
104,-0.14750719445307375,-0.13328620235281677,rider easy fall asleep till i  ,4
105,-0.15052242260224227,-0.1538507468805484,excited broadcast live paris-roubaix i  ,4
106,-0.17880997321478945,-0.21780833843392974,good real moment missssssssss much  ,4
107,-0.16498123382008753,-0.03288674041153202,gyms n't people without home jungle i survive winter know two  ,4
108,-0.14564697316326902,-0.14066641969080915,just started but holidayholiday last one work  ,4
109,-0.24585687088599945,-0.12233746054747986,greek watchin knighty knight  ,4
110,-0.1858263910854503,-0.14070181346974042,room profile client working media design love  ,4
111,-0.13627176624022871,-0.13207715245360868,sexy stalk now ass lame..hahaha pretty yay  ,4
112,-0.23035095751079984,-0.26889699216154117,aww thanks  ,4
113,-0.13324222450166553,-0.10632808453043159,school good excited yet tomorrow kinda til another ahh nite everyone day i first nervous nitey  ,4
114,-0.19106547176328664,-0.16450947021898416,thinking planning  ,4
115,-0.14218105614041615,-0.11736119942885136,hopin.. happier sleep time go tomorrow check whatever now enough.. good fb store i  ,4
116,-0.13392386714367474,-0.13390214071555823,now mean old things i  ,4
117,-0.12187289644292165,-0.1154569990168389,listening morning  ,4
118,-0.22407731189800817,-0.1840556891154492,thank  ,4
119,-0.2192330675338431,-0.29305406047189986,need short life every choices glad enjoyed yes no thanks struggle make day pam *now* better  ,4
120,-0.14798019486799335,-0.12529444234775722,reading lot great that course say hmm haha tonight i of late  ,4
"121,1.3934785118221882,-0.86412318611973,""wow times 100,000 congrats followers i almost  "",4"
122,-0.16088897696384238,-0.1573216062593886,time are really going getting wondering just around this any we be thanks to updates i screaming nm  ,4
123,-0.1927823168517065,-0.16690595860800356,freakin .haha cooool love twitter  ,4
124,-0.1697242337095858,-0.20423765611314368,nothing wrong caring try maybe care much  ,4
125,-0.17304150157303094,-0.13632004265034378,brissa -lauren even twitter know  ,4
126,-0.1265197233232132,-0.12477691528584305,story thought great love i  ,4
127,-0.1520453269611592,-0.13693279384396717,no looking mirror  ,4
128,-0.15053503970710022,-0.30731335159283446,without thanks done n't  ,4
129,-0.1519712379185818,-0.1368764713418662,neat moment sharing thanks general lt spiritual wow apologize overitnow god public twitter  ,4
130,-0.2846879909133812,-0.09970410268509478,ontario 31 days i leave  ,4
131,-0.286944788195056,-0.05822349839774813,see fam just 16-mo-old spoke little via growing love nephew  ,4
132,-0.13643700494909491,-0.11917928375031193,tell ahh mcfly loser someones sucks spoken written haha saw got  ,4
133,-0.14711403644043258,-0.12143381077775174,laundry woman holy  ,4
134,-0.1539380791958488,-0.1428545174295926,go back hate trainer i got  ,4
135,-0.16419374798254288,-0.17321720428430953,lol funny youã¯â¿â½re fucking  ,4
136,-0.15729407475197688,-0.12782977199678208,touch today ipod working mine officially setting  ,4
137,-0.16590588230741882,-0.1273683581354778,saw yesterday.. tvc worked  ,4
138,-0.09547527572402208,-0.3021778512515238,fat mannies say peddies face totally shut i jon  ,4
139,-0.1708844078820042,-0.13738248194436564,good come ideas ones nominating well run hahaha i  ,4
140,-0.14181812737997507,-0.13562992644909574,good friend beer but night always feels always never that monday  ,4
141,-0.1434040038917422,-0.12355774560704363,follows one usually  ,4
142,-0.21273066820798253,-0.13564956828884656,72 special thanks  ,4
143,-0.1882240706356552,-0.08667829270555313,something n't tbs good lauren luck leak wait rest ca cast  ,4
144,-0.19791005671042328,-0.16162218634682124,shoot among for miss even land the moon stars  ,4
145,-0.1667898423503432,-0.14716197601143063,need sleep creative n't entirely @ amp vibrant reason hmm night agree i  ,4
146,-0.19921776145076803,-0.1926867475155793,holla tryna mixtape coming hows nada  ,4
147,-0.20558982992032984,-0.2270572096259487,points makes easier 140 yep across much  ,4
148,-0.11535733417208419,-0.11194487464788558,scholarly already hurt freezer-worthy eyes attention given set another the i suppose  ,4
149,-0.25234789984375383,0.3188016869081335,cupcakes  ,4
150,-0.2188619937347757,-0.16200153833375674,and language entire english favor thing use using shit think i wonderful  ,4
151,-0.17189780489983067,-0.3682996256589229,try maybe saying haha it.. u  ,4
152,-0.20520256825293715,-0.3238377064139636,snowing school walk flippin raining days next ago outside today back sunny day long cold  ,4
153,-0.197117821944609,-0.2606890132680871,kindred bed raw tub now must spirits dough cookie ate i we  ,4
154,-0.17543133290853394,-0.021223828500506664,watched agreed : thought great movie dancing random dirty internet song.. night nighty  ,4
155,-0.18493307544348808,-0.15692443832176478,tweetdeck facebook just time use update twitter  ,4
156,-0.1914255646920382,-0.16274442578954615,awesome see dude always surprised tweeting stars  ,4
157,-0.1959753399932236,-0.156385798439035,bed go try gon na night figure k.  ,4
158,-0.13368150965962114,0.14882491492329458,-fuck malcolm megan lt night llama theatre amazing  ,4
159,-0.16674295927757163,-0.16212150431667255,just martini  ,4
160,-0.19962869374771125,0.0514971126066628,school morning city soo home happy day  ,4
161,-0.20543834461484958,-0.12485623058907996,break= watching spring week everyday moviess day my  ,4
162,-0.2312626234176143,-0.15459287955677192,george wants ice rulesss chest beef. lopez grandpa quot  ,4
163,-0.21917983421575304,-0.014409883379331027,well speak easy heading katie homey stellar night thank take club  ,4
164,-0.15976611175352182,-0.14711878216739688,flowers amp where peter fav gone paul def my mary  ,4
165,-0.23768970433167283,-0.28588914299933743,watch hills shhhhhhhhhh .time  ,4
"166,-0.1833642305042073,-0.14503462969920577,""went alone views count hit china 5,000 way posting new kids love website photos  "",4"
167,-0.20252388413611974,-0.17642041216275806,came oh real excited we back appreciate guys us u put jon  ,4
168,-0.17674712159447428,-0.15148559790127403,provided thank kiddin home everywhere broadband pretty am i much  ,4
169,-0.17229354366229516,-0.14830777313916657,good workout sleep night always callin best i  ,4
170,-0.12321546274979626,-0.13496973687153616,good pretty feels n't  ,4
171,-0.14684139801338378,-0.1405880344307217,go hash bash anyway..  ,4
172,-0.18679369271255886,-0.16717205894148265,correction badass got fringe  ,4
173,-0.344120296478468,0.4634940664331177,upto hows hmmm sure day u  ,4
174,-0.16308729442183598,0.3330188863284933,tv cheating bn christmas caught yrold who fun reflection quot looking kids agree i it my got  ,4
175,-0.18595755941983375,0.7718088200151795,blue hair my  ,4
176,-0.21348475113725301,-0.22224364576419905,great thank words night appreciate kind have i  ,4
177,-0.1696228038624138,-0.14863819496007605,stressing break days spring .2 test till uhhh math  ,4
178,-0.14382287226390075,-0.13817887536715925,need really driver plus designated pch uh  ,4
179,-0.15692815947184655,-0.15820881980028081,bout chucklin whatcha ms.yen  ,4
180,-0.09032495842999949,-0.14245731370636625,work awesome place gym  ,4
181,-0.20070462248110368,0.11801638422214665,need really .. hills hmmm sining climbing think  ,4
182,-0.1828780892295998,-0.16437190299668428,$ game just unc won 20  ,4
183,-0.17886932912079317,-0.1785848097652293,bed really prepare tired g'night going  ,4
184,-0.22054471603892759,-0.2590616887240964,fountain life include will new magic story  ,4
185,-0.15863684738746858,-0.13793629059124884,may tomorrow lol course im ipod getting little trusty boring trip always nervous well books haha oh  ,4
186,-0.1534734398791387,-0.14748596560157828,going bed maybe fall asleep laptop thinking i anastasia put  ,4
187,-0.2078087158597999,-0.23112801657768645,top love ur i  ,4
188,-0.27619968664085426,-0.197813792766446,manual pushing buzzing someone boundaries boy sietar make money still old twitter thanks  ,4
189,-0.173224110446969,-0.13332704364268944,neck good aches arrive will back swopper quot get help waiting chair terrible i  ,4
190,-0.09956504990162718,-0.17671378438971275,yeah downloading definitely hellz thanks  ,4
191,-0.14857558145714878,-0.11964142063129057,cute stinkin  ,4
192,-0.27036569307537567,-0.16561646422768217,hahah yet soon  ,4
193,-0.15217258412442,-0.0951712413652626,listed see looks nice blog popular recent posts great very new happy design together post  ,4
194,-0.2133662734311713,-0.08478510755382983,common much friend  ,4
195,-0.5677585665720001,-2.122174892727077,wan come twit n't find animals but police na call dog i save u better  ,4
196,-0.13479621719482285,-0.13349611355876165,ung ng mo nilagyan mix seasoning ba knorr hehehe ulit heaven teka pancakes eggs  ,4
197,-0.23118258608347778,-0.1417770557038535,hello westney x  ,4
198,-0.16298860839837875,-0.14751285067304754,seems strokes pretty boring night comparison tonight well experienced  ,4
199,-0.16218509052132138,-0.16582456743286283,eyelashes giraffe way i love draw  ,4
200,-0.13659565721245262,-0.11655964490873712,bock yes shiner thanks ahhh relive austin i twitter  ,4
201,-0.1970559931558364,-0.20708232200993548,read glad  ,4
202,-0.15041028641060572,-0.14550476103903806,finally spring evening outside beautiful warm feels weather spent  ,4
203,-0.2071696563844129,-0.15952742506238307,madison pullin bffl nighter wit  ,4
204,-0.18599038829678086,-0.136276642901784,sequels n't great ca putting thanks event inevitable wait  ,4
205,-0.10841144249016851,-0.10511597108534597,n't find times know hearing row hilarious doooo still i  ,4
206,-0.08229445756665116,-0.1554702908895897, ,4
207,-0.13839776996308295,-0.13358562190217468,play big piano oaf  ,4
208,-0.1293314411320941,-0.15834074728464825,tea bitch bryon  ,4
209,-0.18166470214235161,-0.14009987090080525,oh hand you stay  ,4
210,-0.18610972559256622,-0.14883786991759496,mom gon na help twitter i  ,4
211,-0.2548453005999737,-0.08262837483464132,late.. office entire .reached yup match saw  ,4
212,-0.1677783239331151,-0.15319268904134054,blessings bed n't night amp tomorrow prayers i today love working harder peace bored going bb my  ,4
213,-0.26237452435990527,-0.16027726948404944,soon beat trying back traffic hope ya  ,4
214,-0.2430162802827116,-0.20065041166252684,third wins series new final years test wasnt if won 41 zealand day india rain  ,4
215,-0.1167237182302118,-0.1120935843511004,driving there road was old side bike parking madras called concept  ,4
216,-0.12897434132800417,-0.12663172036578868,apply class i  ,4
217,-0.21663184456903353,-0.23543742855976083,manga reading  ,4
218,-0.1834612028239597,-0.1519784504132025,songs .it joy moment thanks seemed show bring right love your i  ,4
219,-0.10841144249016851,-0.10511597108534597,please niqqa fool now ackin roflmao  ,4
220,-0.1648377210143762,-0.11983188055425403, ,4
221,-0.14411437113395575,-0.16733346443582597,website seems knew check fyi though wanted pity sure i  ,4
222,-0.18563563015459758,-0.19578410416529118,right let make  ,4
223,-0.14436516625870421,-0.12925874122138714,yesterday anything went professional websites 2008 october update we  ,4
224,-0.18842506859509606,-0.1649788624447525,tip sam thanks club  ,4
225,-0.14123222641511365,-0.13124535718141897,time nighttime yep best mornings chill  ,4
226,-0.12026716201975064,-0.10852324070338437,yay hehe twins  ,4
227,-0.23232150897336298,3.295592962244341,thank  ,4
228,-0.20034955342878744,-0.1866638599970567,so finish read ember awesome really knows now one time bed next ones city book possibly quot who xd  ,4
229,-0.1392763898983258,-0.13457456088748754,good died : updated x keep actually omg back take i version drive  ,4
230,-0.1596205590510968,-0.17935567553299253,you mate  ,4
231,-0.20230528603703965,-0.1713898626862352,watched good darn wanted movie pretty  ,4
232,-0.21364582062931084,-0.16981909934105044,watched nick playlist amp funny home neil pretty nora got  ,4
233,-0.16340928462672805,-0.13749314552004108,perfect seems ah idea time now fun wasting whining yes twitter venue  ,4
234,-0.1768852521779925,-0.1886723196573628,yeah man hell effin  ,4
235,-0.15273386954582108,-0.32098076288543187,life tools easy dont try people lazy make  ,4
236,-0.28533874982873,-0.24206586054927368,n't goodness hello ai friends i message know oh  ,4
237,-0.18961097681288808,-0.1689463580554984,now got go tina song who itunes needs money thinks everyone your parol buy  ,4
238,-0.130263592063423,-0.12574682842039528,ca vegas wait n't  ,4
239,-0.20919824019860803,-0.16571780734531857,hey debby  ,4
240,-0.15785623406841345,-0.153901571123197,holy lol bowling one six sixty shit  ,4
241,-0.1743472563673914,-0.1558295394429417,glad pain dear dbq done asssss  ,4
242,-0.17760171500870905,-0.06172903184029859,bed chatting now guy night pretty amazing know  ,4
243,0.19481413911460357,-1.2972119423569088,twitter how stalking great feed what i thanks news gsoc coincidence  ,4
244,-0.22812551900425646,2.302619921307404,prince aid meditations cross watching hot crafts feel buns loves discovered egypt eggs easter  ,4
245,-0.17258026178312919,-0.23708794623301907,need later nap really n't now back twitterpeeps did one be thinking i  ,4
246,-0.2340177574260813,-0.2086885621075299,way pay forward figure trying  ,4
247,-0.1634097972433337,-0.1509930589222688,may weeks buy overdraft go extend time twilight gon dvd today na 2nd many aswell i oh  ,4
248,-0.13205956404663396,-0.12169623301593477,twitter first awww  ,4
249,-0.16005955501156977,-0.14338859483082117,glad  ,4
250,-0.15568523845924015,-0.17192770065407892,wo regret woo n't  ,4
251,-0.1364982256167697,-0.18338679128573027,thanks much  ,4
252,-0.21256927844683937,-0.1624969622850442,: please  ,4
253,-0.1454073507171185,-0.1268781416378857,sad addicted laughs entirely site now haha one endless day saw  ,4
254,-0.2564778144630426,-0.17041107574010042,dying nuts heah i thanks  ,4
255,-0.15607153025597698,-0.11461156060444029,hey please tell really mark want years boring know song doubt life 182 so blink head quot  ,4
256,-0.13453511941042798,-0.06506734252959906,jordan think i got  ,4
257,-1.48225640917197,125.27948434176133,running london calling  ,4
258,-0.1250641381581019,-0.19376003204854034,tooo just an bused day have my sun ace eyyy hahaa darl time and beaten girls loved be food xxxx what home it can i  ,4
259,-0.16173158741684374,-0.15332666272383355,school meant : soon .. lol cut home dancing cbf hair getting got  ,4
260,0.02614708526814029,-0.9651583405563883,tomorrow sleeeeeeeeeep interview luck wish  ,4
261,-0.12272011786358175,-0.09920843145936104,sad : underneith babs shop transformer entrance movie look awwh quot new i yesterday musik o-  ,4
262,-0.1633564238044609,-0.16165801710796118,lj i friended  ,4
263,-0.22235597246201694,-0.23814789856332008,ice heat reduce cream eating  ,4
264,-0.1263145706331884,-0.20056865022210063,good fight game beautiful now without even san whats wow won diego  ,4
265,-0.13415974258303726,-0.3364023178373032,sounds phd program new support/structure doing media disciplinary heavenly  ,4
266,-0.13092419443826436,-0.14668889578722377,goodnight tests ahh sleep tomorrow next big must sem class twitterers and day registration two  ,4
267,-0.13432613270312602,-0.18473165517545123,tragic aisles they borders seen one well oxford i  ,4
268,-0.15068403352688584,0.4096913340859202,carry esurance erin hot  ,4
269,-0.15412913381738308,-0.14500377081148436,and carpet sighting yet red hope beleive  ,4
270,-0.1153573458792167,-0.11194487108765526,furious cars fast excited  ,4
271,-0.22279138523362535,-0.14145734406985508,jennifer  ,4
272,0.7833624071536222,0.5844680978316232,staying yay great wall-e stress night together homework battle  ,4
273,-0.1917021060462621,-0.17922801295798946,watched sleep grrrrr n't cosby forgot funny show ca it but though  ,4
274,-0.120151454297935,-0.11606608550863472,time hehe incendiary headline going was thanks  ,4
275,-0.2008863142686456,-0.18633789188995814,morning happy  ,4
276,-0.18481940480266051,-0.12062317373399732,need 5am amp kids um cooked ready breakfasts  ,4
277,-0.17309496850768571,-0.1457214402104488,n't time right i late  ,4
278,-0.22044528346912595,-0.147130147245743,buddy *high thanks fives* hehe  ,4
279,-0.1850638967457936,-0.19762095176940128,agree made unison amp committment could incredible.considering pressure the amazing  ,4
280,-0.16015390055940837,-0.13897766941205475,going seems yeah n't lol times today now behave though drag counted tweets 15 sure  ,4
281,-0.15734246584613001,-0.14486061140420908,cooler babiiesss wants o_o hahahaha  ,4
282,-0.1557351317733381,-0.238366287355576,lol want hook heyyyyyy  ,4
283,-0.21904718442266755,-0.19846874681433868,saddle comedy house back ranch night boy then  ,4
284,-0.11535736532205777,-0.11194483805325983,today undergrad time grebel performed show last talent left exams first i  ,4
285,-0.5218145034132156,0.7561403585792691,white  ,4
286,-0.24191104998570892,-0.24925964929304562,belum kok rumah disamperin udah aja client sarapan haha sama di  ,4
287,-0.2295167885896202,-0.43423523506158507,simple reunion life makes girl new happy embrace kids extremely things  ,4
288,-0.19691927876220167,-0.2015930762732936,need oddly 'em n't tomorrow accountant evidence referring supporting though taxes even send i those  ,4
289,-0.16775660701646494,-0.13848290487581358,already sigh gmic great wish san said johanna diego spoke i meeting  ,4
290,-0.15731016402413045,-0.14528221069969888,carrie evening thanks portland wonderful  ,4
291,-0.15985457864810054,-0.1559489134293246,sleep n't morning yay 6:37  ,4
292,-0.14700116218263223,-0.14409241173034612,wal*mart uber excited headed boxes  ,4
293,-0.15448186669602473,-0.1656041343303186,adulthood temporary lot scowls  ,4
294,-0.2243050727358561,-0.15091336866028834,*sighs* sweet melting movie serendipity love i  ,4
295,-0.15604308431206665,-0.1432184623942662,the ah tweet you wake thx start day best love jon  ,4
296,-0.17107103707047225,-0.15885588334651163,dyeing got inspiration hair gt  ,4
297,-0.13127697320847606,-0.11277192103373682,around created looking account  ,4
298,-0.14572466429288836,-0.1311819283834331,things gunnna i  ,4
299,-0.28888692938278104,0.7107723065109345,interesting so far  ,4
300,-0.12809555419831814,-0.1199870145914376,website n't time hopefully nearly posted have tweeted tonight well goes night day  ,4
301,-0.21479788037100864,-0.1905877233050259,good long-time  ,4
302,-0.16750031444815897,-0.14563729729753175,armin excited buuren tomorrow pants jizzin van seeing  ,4
303,-0.22116462145610374,-0.2357678088287245,let good luck goes know  ,4
304,-0.1662702480648539,-0.15696127550685746,come congrats plz peru forever speechless seriously you were/are wait ill thank amazing someday u much  ,4
305,-0.16163853705975723,-0.15415489270561203,newborn congrats due june first our  ,4
306,-0.16241726580422303,-0.15147403535498394,go padres beat dodgers blue  ,4
307,-0.20399415801150564,-0.16959315096117497,phone hit lol updates esp  ,4
308,-0.1901203219633555,-0.17629542972574147,cutting best..smell.. glad summer come ever i back appreciate hay iowa late  ,4
309,-0.14359679883649884,-0.1452691993696045,everything loving not having life game bonus fun happy either bs  ,4
310,-0.13826433026366894,-0.10426231466920927,awww anything is  ,4
311,-0.14481993043391814,-0.16333380687481128,but mind i goodnight  ,4
312,-0.1442779918643471,-0.1393144538472924,surprise lets let oh  ,4
313,-0.2008747273364739,-0.18723860242677504,proud r.b future member  ,4
314,-0.8003742141976089,0.2852404043607555,stick donnie pictures gift usb heyy got  ,4
315,-0.22148021664967996,0.647462628476479,nip/tuck season promo drag amp original song better quot game wicked commercial giant  ,4
316,-0.17639494353366234,-0.14552781366018755,and blog fabulous wordahead loved overall post  ,4
317,-0.1738511539412693,-0.1398531019567096,luv following much amp now twitter  ,4
318,-0.17279284006752302,-0.15098679653028815,tell n't but said rocks i  ,4
319,-0.15299249523815206,-0.4339847519867316,something will happy if enjoy make  ,4
320,-0.10841144249016851,-0.10511597108534597,baby church easter breakfast sure serving discovered suspect tonight exciting i  ,4
321,-0.11785178903922461,-0.11431050274756427, ,4
322,-0.16961038690435376,-0.15884598203860695,morning  ,4
323,-0.2012341503384419,-0.1620078735520521,finally twitter back  ,4
324,-0.18244211813233055,-0.15828932135153065,really tonight++++++ sho feeling blessed love god  ,4
325,-0.21676150345449222,-0.258666601019179,buddy see n't wait ca  ,4
326,-0.1719723857687922,-0.17605596942783103,joolz soiree they thanks brisbane last held i allan year photos  ,4
327,-0.15812829564197947,-0.20020561542037205,post.. dark link chocolate enjoy within  ,4
328,0.5931747135183427,-0.19099916697327693,something time easy its answer know  ,4
329,-0.18900963193300532,-0.16074323959315312,looks wow house god my doggies different and oh  ,4
330,-0.20116639560704988,-0.20926826827961012,good sun ahhh working sunny loved day nose burn  ,4
331,-0.27694726317243384,-0.08475443537095113,online got by read keywords semester quot mean last i outlines skim  ,4
332,-0.193304632640193,-0.13425961825684676,team yay so business utility sam ghods founding building proud box.net partner love excellent first my  ,4
333,-0.20587444193235177,-0.20270017431447265,good glad great shows amp you feel rock 1st night hope hear tonight many i  ,4
334,0.19795359751986588,-1.7230064954773903,catch scott boy anyone tonight bakula quot oh  ,4
335,-0.22410457256694294,-0.238799654621967,] true guard along n't period the best minds ms.badu do trip media fret hearts ur [  ,4
336,-0.10841144249016851,-0.10511597108534597,tedium file inventor fixing links times good broken ahh  ,4
337,-0.16768425589160715,-0.22643616167333716, ,4
338,-0.26373388663564756,-0.18419096701394236,are mondays of what make you it  ,4
339,-0.14602950888538063,-0.12532256812115247,tv peepers watch bed laying sleep past days try well min 45 going sleep.. i night two  ,4
340,-0.14635429089037644,-0.09117351236284914,bed going officially i goodnight  ,4
341,-0.16175073955651414,-0.14872154504071378,painting clothes i now  ,4
342,-0.16065115574435637,-0.1658984276232306,mutha lol yet anotha brutha  ,4
343,-0.17604219073674027,-0.16963453396335962,uber them ryanrossfanz ryan lt follow  ,4
344,-0.1785244122340682,-0.157863891184925,pick eyes hit close reply one  ,4
345,-0.20506847630572234,-0.10837155466122675,tell great connections country thousands family happy across academy  ,4
346,-0.18277308076244106,-0.18293912157288472,yeah kno nice will lol @ b hum janets haha ass drunk something..lol take party u seeing  ,4
347,-0.21242898796064613,-0.25489648182766866,: ankie star 1.0 welcome card new beginning the wonderful  ,4
348,-0.13284056672173342,-0.10190236242233854,german sydney imported loves together home bakeries feels honey  ,4
349,-0.1734018217085929,-0.1483532436652277,uncle i now  ,4
350,-0.05983846001053155,1.2700013885112076,n't levon said self better  ,4
351,-0.16579969295190725,-0.13416153748649914,science qoosfr understands instead queen cbn2 obscure person references fiction change name i  ,4
352,-0.15073588740340074,-0.14540460336453312,picnic fabulous our will  ,4
353,-0.1822067326745583,-0.13244215251681027,welcome nyc back  ,4
354,-0.15836785707898623,-0.14752289400715043,sorry talk talking friend.. havent but so best replied i  ,4
355,-0.14565408419721754,-0.14360438577659504,oh come go ok gon na one buy  ,4
356,-0.15650712267451072,-0.13808331957346442,sezdawg quiz tafe photoshoot  ,4
357,-0.22623562312922438,0.5339542627003382,challenge good luck  ,4
358,-0.22078887902850908,-0.10991451860529013,xd and em found clothes love oh  ,4
359,-0.13517874132644014,-0.11631850462772751,doubt gon no neverwinter na start rocking nights  ,4
360,-0.13872523644777457,-0.11767865778830168,phew gyal hair  ,4
361,-0.1389415750238627,-0.12363895728848796,keepin real  ,4
362,-0.18521729536852918,-0.10477004462439765,lt branded  ,4
363,-0.27170559978498965,-0.2455094060326452,pfers see fellow i adding many us nice  ,4
364,-0.1524506588352517,-0.11622449184746948,drinking eat good munchkin n playing time park latte impossible had  ,4
365,-0.19593947017484575,-0.1392067143026078,i site sure will  ,4
366,-0.20031780020816667,-0.09150239639854385,need cruise gon good na luck your  ,4
367,-0.15486677172767999,-0.16016367219937494,vegetables cooking tells whatever neighbor well us produces i  ,4
368,-0.14758438707420277,-0.16356747956766357,how hi today cel  ,4
369,-0.16420318557085894,-0.16290354660710812,goooooood today morning chubbx  ,4
370,-0.05570502515576658,-0.14422203323430519,blame good n't do things i  ,4
371,-0.14691641191922739,-0.1431188658741227,oven 7-9pm little wednesday okay think i  ,4
372,-0.16370504195629132,-0.15877219187140776,loving people *winks* hehe lotsa excellent  ,4
373,-0.1486796193105045,-0.16082244189442785,n't 'is thing little another planet odd think  ,4
374,-0.17449137772713127,-0.14054026421551358,talks yesterday nice got pay recession amidst told hear friend sure hike  ,4
375,-0.18326432085318342,-0.1890022110004835,temporarily windows now using tweetdeck  ,4
376,-0.196280831434361,-0.170044363113445,: shoe n't ca link selection joined wait society i excited shoedazzle  ,4
377,-0.19305764896710473,-0.11942648325546204,pick made going amp know sister foreseen taken i stray meetings  ,4
378,-0.10841144249016851,-0.10511597108534597,want us/me/all message whatever us direct  ,4
379,-0.2421116014080902,-0.045352434298566606, ,4
380,0.013050211685152307,-0.12162662743560759,strong n't just submitted starting challenge week night bad ai i fitness stats  ,4
381,-0.26406981378507854,-0.27487570427671043,reason .. www.facesbyrozzj.com following your  ,4
382,0.3599548304543496,-3.0516068484883294,missed pet n't able past days multiply use internet society ym quite i twitter busy  ,4
383,-0.16696446769313722,0.20903307136183874,mucho d hm juz more power must say watchin urs instantly became ur fan humor eps show u i lovin  ,4
384,-0.15901373111534856,-0.13960843761281236,n't new exactly wanted bored one work i old it background  ,4
385,-0.18410457303817668,-0.14633372769998637,please lol if work vote  ,4
386,-0.1915584137971023,-0.18407708039676077,see 'tweets time keep 10:45pm different morning normal zone i forgetting  ,4
387,-0.13034852391188667,-0.12810129887517696,curious something see video do mean youtube animation work i example snowing  ,4
388,-0.12326393527671407,-0.11970532793503054,need invite hunch  ,4
389,-0.17064977800536565,-0.0029496220196483726,thought mac  ,4
390,-0.19327658680924648,-0.06932377484597134,just maybe answer help idea.. jordan  ,4
391,-0.10841144249016851,-0.10511597108534597,made finally what panama map quot friends love haha animal  ,4
392,-0.15157375119528457,0.4408445582327712, ,4
393,-0.32372305113097777,-0.0062097474663605655,give gladly stone house join will squirrel jenny squirrel birds one kill it us i two  ,4
394,-1.1944563473607748,2.452521737802691,track wan : bed got time music lol call now vocals part na whichever best done  ,4
395,-0.1611018528495835,-0.1489520795451087,veil carrying in sa abay entourage will tagalog thanks part mau friend wedding kasal i  ,4
396,-0.16366834918914064,-0.1679765736788754,n't sorry petal weather sweat oh  ,4
397,-0.22664788683156786,-0.1192344414030855,how there today hey  ,4
398,-0.17580664576933308,-0.16489329153700852,inbox whoops full earlier email empty trying sorry today now anyone my  ,4
399,-0.1565361210620948,-0.17398068039185205,lol complaining wasnt making getting cleared sure  ,4
400,-0.12326026473241646,-0.11970052050746542,life movie freaky one i that quot got  ,4
401,-0.17596667181347136,-0.15624911282343026,hanging megan  ,4
402,0.030712433911391952,-0.12212610095281055,bed tomorrow early prep interview cleveland going  ,4
403,-0.13072656587152906,-0.13794949162261377,and remedy healthy dog  ,4
404,-0.14533043497371337,-0.12816541787105856,soma sick that rocks  ,4
405,-0.13073286205089485,-0.12811570826410434,edward yep..lol guys.. bored hunting i  ,4
406,-0.20063710386482264,-0.17592399784320775,heyyyyyyyyyyy you  ,4
407,-0.2317045716541076,-0.22044359431425226,myspace facebook music philosophy aka studying lt listening blah twitter math  ,4
408,-0.16714252726454654,-0.15620408232270458,yr donnie will gift there way answer ask everyone lastnight old earth got  ,4
409,-0.15258907856269593,-0.13701229790874347,time psp browser first year  ,4
410,-0.1876605680328724,-0.14379385083003585,good luck  ,4
411,-0.1599054267121494,-0.11333388631401616,season game is glad angels won first  ,4
412,-0.12953126893732927,-0.17205968540687994,continued success doubt will absolutely i  ,4
413,-0.18761282931946924,-0.14555487984980703,office go days another day  ,4
414,-0.17018392404871924,-0.15601839704818915,yeah afford nice wish things i  ,4
415,-0.18626569835563148,-0.1590023288270793,see want friends.. 800 but take long i  ,4
416,-0.18550450809590593,-0.159597316343856,regarding uploading newspaper greatest cartoon twitter  ,4
417,-0.15235918746988258,-0.15261972956280864,good henry idea ford every glad n't now liked that  ,4
418,-0.17346895594984765,-0.16946094756534572,friends update studying  ,4
419,-0.1416355893652263,-0.15364339158083584,good im everythings glad guys going  ,4
420,0.029636502593656706,-0.12026825433978486,happy do worry n't  ,4
421,-0.2614517785114089,-0.21350987703881344,jac might slow us headphones uk/japan if tita fr enough desperate i stuff my  ,4
422,-0.2551700953517578,3.611828520724803,gigs happen friday n't next week you saturday nyc still  ,4
423,0.3995829870147923,-0.32646868516082506,emmylou ty soon your baby upload harris be gr8fl ã¯â¿â½ tonight i  ,4
424,-0.21300887305157887,-0.2036783581122295,marvelous threw im idk cuz make boy.. cheeck gona thiss hoow weeeek hand  ,4
425,-0.16671195870142158,-0.1714271048438531,mom seven fall watching asleep hope aftermidnightproject pounds tomorrow dont i  ,4
426,1.031400752986493,-0.1242512057261442,awesome capones 430 puppy home work take around  ,4
427,-0.17164324338762815,-0.13683336218205364,photo is that vegas  ,4
428,-0.19592177255923546,-0.21495416749292692,yeah day opening  ,4
429,-0.12840185548513494,-0.11910727275098457,good major when results but will look feel hate working i  ,4
430,-0.15471182162293357,-0.12578627025396324,al team  ,4
431,-0.1584753710323609,-0.14336314547700166,day good really shoppping  ,4
432,-0.194408875663989,-0.16070117252493846,ok..i hope works now  ,4
433,-0.14907264303592088,-0.11530604097010676,good night sweet dreamz  ,4
434,-0.1509580999559436,-0.144636332994259,n't hope dissed scentsational i  ,4
435,-0.19147411068394338,-0.19539138680172777,invite people twitter will  ,4
436,-0.2078255387035214,-0.1762810607533594,good soon big good project coming new works enough news friends  ,4
437,-0.1510891575413881,-0.11587144301344092,yeah woohoo core rockin day hard  ,4
438,-0.20555891516555105,-0.24959559921715158,hey counts ya understand love jon  ,4
439,-0.16974844691981383,-0.13193217772207294,w/ time yet teaneck heading back stay internship utah luck spend ive place got  ,4
440,-0.18981758888362574,-0.14957616981751742,bed heh wall without if running feet make tripping i  ,4
441,-0.11535734203653851,-0.1119448670216268,week yes now happy using pretty result  ,4
442,-0.15180733660060255,-0.14497807467861223,exactly  ,4
443,0.03964884557802432,-0.2540033934797406,stay wake wonder long pass  ,4
444,-0.1975412569168185,-0.11469678675320147,tell alcohol let amp wisdom words great now caffeine d-dub doctor  ,4
445,-0.21724317880796762,-0.11025699314714164,good sleep will now knight well i know  ,4
446,-0.1495437899581306,-0.13103187696276747,see glad exhausted become unc champs national got  ,4
447,-0.15605566734475002,-0.1382217314475589,thought centrelink wasnt bad going i  ,4
448,-0.16919379898768727,-0.17730698171370549,way want n't  ,4
449,-0.7718238473520366,-0.724165300780752,excited is italian cuz hella  ,4
450,-0.19305893388429254,0.4443519294993591,gigs core access 60 64 bit opterons ram love research quad machine  ,4
451,-0.13668781071548006,-0.12994368821803223,time @ exhausting quick day it  ,4
452,-0.1921699248027706,-0.16613865464634495,bohdi holidays jasmine  ,4
453,-0.16096396186029663,-0.16920861941069715,hey dreamin good sleepin morning night last dreams how had means i strange  ,4
454,-0.05293408608040996,-0.2376511253422023,wooot outside trampoine jump going  ,4
455,-0.1385453350126427,-0.10308709283036288,rad finals made l cross sophie ps country cool yay mates lt everythins today love  ,4
456,-0.2218762337037178,-0.20217346760071292,thinking lol thing i  ,4
457,-0.186509770093815,-0.21011983671812212,n't able none expect back pressured feel do happy reply listen us talk  ,4
458,-0.23542396225673382,-0.18425574811399548,good got list ta tho movie back only quot seen shooter watch put oh  ,4
459,-0.24859606973391313,-0.24995287179386225,tell hope better u great amp spoken now night fb feelin fire right i love ur twitter  ,4
460,-0.24378640055206388,-0.18815396516537472,ha sleep gon bc keeping morn fun show hate trip na workouts mexico air love late  ,4
461,-0.11884668205243748,-0.13296377684056937,somewhat pad break time feeling coming artistic feel new sketching design dress  ,4
462,-0.10841144249016851,-0.10511597108534597,go listening mary  ,4
463,-0.1943214488221133,-0.14883683834967376, ,4
464,-0.1647913066464915,-0.3083466359749226,cantabile think music lt falling love classical i nodame  ,4
465,-0.22150584167287674,-0.2011561166724343,balls hardcore canary deep underground ordered skinny jeans going copy love  ,4
466,-0.15593405764020513,-0.15723836039255246,something soup noodle amp week dinner pasta-y cheese menu chicken  ,4
467,-0.11814919645876759,-0.11293787634997475,new come jersey  ,4
468,-0.14453664777218583,-0.1380204706969611,facebook  ,4
469,-0.1184709566433713,-0.11581878002280524,good n't nice point draw quote though i  ,4
470,-0.17858025688084878,-0.23790413484419348,goodnight  ,4
471,-0.22997113499267346,-0.15926798542076678,lead d favorites great me job one the to cross  ,4
472,-0.12325965427048007,-0.11969822035156932,already gg good miss starbucks.. tea back tried 1st one lemonade got  ,4
473,-0.19628751739867248,-0.1722938666679244,boom pow-oops  ,4
474,-0.19216287421667214,-0.19015202119207267,university stupid super red the diva  ,4
475,-0.19642818629248152,-0.18708468752421645,latest awesome full this episode newnownext  ,4
476,-0.25968710151724433,-0.24841281843082605,when want faith alright one going day things end remember  ,4
477,-0.16504125266947717,-0.15938196965711723,excited : great amp tour @ pr you s thanks b-would making work love even pbnjen rock  ,4
478,-0.19282614074868185,-0.12670818303665213,give joy years .and man you lucky amazing you know  ,4
479,-0.18084494873281823,-0.15458663723111105,visual n't come check fun dictionary did vocabulary we  ,4
480,-0.20550425288562088,-0.14539298040087725,artistic kinda affirmation drunk lady needed i  ,4
481,-0.11377705195878228,-0.18996715168497597,goodnight later really honey tomorrow morning will early day i busy catch  ,4
482,-0.5737902702299703,-0.5860635364882258,je trenutek link link rip od resnice kakã¯â¿â½en  ,4
483,-0.16479175191767229,-0.14653407007552408,lamb hhhmmm rolls slightly dinner roasted hungry buttered tonight chowmein yum  ,4
484,-0.1708581214679118,-0.1684904096086488,sony psp new brand tweeting can i  ,4
485,-0.20074135423897205,-0.13781480601452187,awesome hey go freakin tour brother sometime metro station  ,4
486,-0.10821744288291968,0.005378181658759265,good bye haircut im ta go everyone shower tweeps well got  ,4
487,-0.16920461146435908,-0.1412445849820838,awesome flickr just seen fallen wonderful love i  ,4
488,-0.24037411294161834,-0.04146278568552331,sorry made n't wrath but khan  ,4
489,-0.21043009866329757,-0.18815487550204846,good ahahah doom amp xavier juggernaut today n__n dr. day magneto  ,4
490,-0.15988050275141283,-0.2200204123345393,need star miss time next jay vicky but reciting wars tahoe geek  ,4
491,-0.16535445128533258,-0.1466074176952329,dont aww make blush  ,4
492,-0.18354070310963158,-0.1770084867238301,trying thing figure  ,4
493,-0.15154558792990172,-0.15431524062891702,bride want watching quot princess the wesley i  ,4
494,-0.21808999890959427,-0.2027863294836197,fiances duplex terwillegar buy  ,4
495,-0.18748804879438843,0.90097522703885,austrian really yum eat hankering cheese smoked  ,4
496,-0.1611007030810992,-0.10104239423478806,girl fun fucking though jealous xxx have i  ,4
497,-0.1684959893728408,-0.14030098452887932,go bunnys lucy ahead guess lmao named name  ,4
498,-0.13005618359704252,-0.11173972467496872,miss yet updates os iphone guys i 3.0  ,4
499,-0.18848317382121763,-0.17560405553663444,love denise i  ,4
500,-0.22259382326558966,0.1537903665512828,might n't today cry school blah texting update upset ca facebook result  ,0
501,-0.17221196832842367,0.022371383622997926,dived 50 managed bounds go times % rest the many ball save i  ,0
502,-0.1400671867176825,-0.1249539472955155,whole fire feels body itchy  ,0
503,-0.12629143065414652,-0.11840438604913908,see n't mad ca behaving i  ,0
504,-0.12949739439342206,-0.1278888474235355,whole crew  ,0
505,-0.2293196971248526,-0.19317344319510749,need hug  ,0
506,-0.1393530273016769,-0.12028037182869862,hey see time lol fine thanks yes.. bit rains long i  ,0
507,-0.12327054625588305,-0.11969185187430915,nope n't  ,0
508,-0.17560950458215488,-0.17618020133848125,muera que  ,0
509,-0.11899647829929545,-0.09198211169605054,snowing break spring plain city  ,0
510,-0.20472935239248474,0.39907050777500414,ears re-pierced i  ,0
511,-0.07545114616650798,0.24067286958394626,and bear ua thought n't embarrassing loss watch i  ,0
512,-0.15334690033094042,-0.14602126534507437,counts idk either never anymore it talk i  ,0
513,-0.148339812622319,-0.1160323166119387,really gun n't doucheclown though snyder first zac  ,0
514,-0.2109791408492755,-0.2894897173498184,miss wish premiere watch i got  ,0
515,-0.129166659254196,-0.1337238951601427,death hurt watch film scene will now severely cut hollis directors wry  ,0
516,-0.21042329307898455,-0.198073170658574,file taxes  ,0
517,-0.1976955800313188,-0.18090770580124607,see ahh rent soundtrack always wanted ive love  ,0
518,-0.14502552323569198,-0.1342656892589227,drinking forgotten table were dear drinks oh  ,0
519,-0.18501100122049258,-0.1840055177008991,day done much n't  ,0
520,-0.12672981348560183,-0.09103170569055528,friend valley time today asked one mid called *sigh* meet  ,0
521,-0.149400768097759,-0.12651974566692678,i cake baked ated  ,0
522,-0.14251135340399568,-0.15940772558494845,going week hoped  ,0
523,-0.1492036910681802,-0.10899321219398658,tomorrow class blagh  ,0
524,-0.1631721202406005,-0.020763028098116934,people wake hate call i  ,0
525,-0.16879813638205565,-0.18544296566261956,sleep just watching cry me going marley  ,0
526,-0.17503187527010652,-0.14847269272324237,sad miss.lilly im now  ,0
527,-0.2569164200233756,-0.20749481300208167,n't wo lol ooooh ok leslie mad i  ,0
528,-0.16857709082439173,-0.16686434744206705,track meh gets every almost lover time depressed exception  ,0
529,-0.0912582209482575,0.035374578757254284,hacked aim now new some1 make one account  ,0
530,-0.1872691416131157,-0.18142062703081754,ride may groove want going anaheim may go b though promote unfornately one and gear i  ,0
531,-0.12826442938244398,-0.13042829779861517,sleeping thought realizing tomorrow morning afternoon now option work evaluations  ,0
532,-0.17157447211506863,-0.14170963789683505,awe love miss  ,0
533,-0.2122268612197037,-0.1969656045922244,eyes sleep night cry asian i  ,0
534,-0.19414840990621682,-0.14873119493387085,hour champ stand ok sick back now sitting held shower bed cause puke i spent  ,0
535,-0.1769094621761767,-0.15480788405934734,tell later good three ya hours day ill story workin  ,0
536,-0.21108492118340372,-0.25019338439058453,came bed time sorry gmt+1  ,0
537,0.2782484371168097,-0.8285723902789621,suitcases want n't depressing its either kids i even think know  ,0
538,-0.20386605375927547,-0.19735439844645278,class work miss gym bed gon another na 6-10 class fly 12-3 8-12 day i then girlfriend 3-5  ,0
539,-0.17373138307168998,-0.1966720105869705,study really n't exam tomorrows today practical feel getting got  ,0
540,-0.18633371270139146,-0.14264176656369945,teardrops break reason guitar enough heart one he  ,0
541,-0.18101783631854937,-0.14800182612264612,sad wan sleep n't know na hate feeling ca still sad i  ,0
542,-0.26694517712727,0.004958126424722629,missed sad see finally awww wish comfortable im soo i  ,0
543,-0.17223286782422143,-0.1336333497992676,sad falling just girl asleep found breaks heart how body heard family my tracy  ,0
544,0.01283790369953129,-1.001153580648762,less yay time but happy job means i  ,0
545,-0.19210522681990336,-0.13946057363357395,w/ ppl happening looks just uids probs user are timeline twanking bgs checked still blackberry  ,0
546,-0.1507698541110704,-0.15324620410079204,top oh fave burnt wear ironing man meeting  ,0
547,-0.15625569340446546,-0.13421213116358063,sad strangely samro lilo breaking  ,0
548,-0.3737665480249424,-0.41688752631473525,n't sorry retweeting think oh  ,0
549,-0.16740110777526485,-0.17437913545435368,promise broadband 'a via plan broken massive www.diigo.com/~tautao broadband waiting still  ,0
550,-0.18251505359266548,-0.18147401131868704,may tons see lot feed wow unfollow scrolling replies friends tweets i  ,0
551,-0.21854726968184493,-0.154668663477656,duck wayyy taking hatch long chicken  ,0
552,-0.13196504180385688,-0.08609554608460192,online yrs site ago now put crashed pc vacation forget name i photos  ,0
553,-0.2155695416325802,-0.2042415360344182,need i hug  ,0
554,-0.039580812871076294,-0.1118633611559064,trade want company not sorry assets much away pos sure as dont think i andy  ,0
555,-0.1846455157911806,-0.18462844075383797,hate happens i  ,0
556,-0.16125335824625675,-0.15586949409721082,sad ta game music say use show dallas though feeling going mmm shows think i got  ,0
557,-0.23566093801291724,-0.022456930412733757,tomorrow ugh degrees .92  ,0
558,-0.2170436212630026,0.6308464239855213,already thought glad random where found yer move hear sd hmmm well u i  ,0
559,-0.15866223289073222,-0.15024105700135765,the miss playing copped wutcha ps3 on 'blood have sand i commission  ,0
560,-0.16226755384327712,-0.1426779293622246,work parking leaving lot  ,0
561,-0.09993446839713878,-0.1363846404772074,but cool life me the  ,0
562,-0.18166096827387643,-0.15829977281025767,gotten experience sadly will now though coitus never i cigarette post  ,0
563,-0.21264177404718212,-0.18551834230147704,5am nice tomorrow comes bad too i rain day  ,0
564,-0.17509232378408218,-0.17530427267638313,phone shucks wo n't bill pay lost job bad lmao aw ca around even i  ,0
565,-0.2047441477493045,-0.23511500085987977,tomorrow school damm back  ,0
566,-0.15346044918615276,-0.2015332829145192,hour hell wage mo clams min f'n money jobs  ,0
567,-0.16039767567934007,-0.15238398978376796,see forever not soon  ,0
568,-0.23380498199309693,-0.22368088105316888,agreed today allllll failwhale saw i day  ,0
569,-0.1965634610034595,-0.12017393045592523,sorry need really unless someone dude look em hey pop added says terrible dont you haha i oh  ,0
570,-0.06636493989521318,-0.1574414148263653,jared need or working start nikster right i sure least  ,0
571,0.7134725778945074,-2.3153880028682043,really ugly clearly trace people not hate diss bands  ,0
572,-0.17844101188374134,-0.18102721326718788,adidas socks cute : business gym .and black today leather puma lucky run girls shoes attire singlet shorts  ,0
573,-0.14261650581034666,-0.14299304282232156,n't wo location show why  ,0
574,-0.2200812317595261,-0.14261403796678046,smells phone no picnic citrus  ,0
575,-0.16983448180712366,-0.1756659725774992,mug comments see sensitive glad charger awol nevertheless asap still my donkey  ,0
576,-0.1613894300070306,-0.13127619826480497,fml no new tonight csi  ,0
577,-0.20053318211832663,-0.20115244115529116,sore arms think tennis  ,0
578,-0.17529143718244,-0.15012436534898804,split wonders someone seccond depressed unhappy make u much  ,0
579,-0.2598054303479,-0.1460634997997487,see bye sleep soon tomorrow saying hate night  ,0
580,-0.12555912664453128,-0.12206935943519531,booked already really shame newsletter paid got mine unbelievable ur i fares  ,0
581,-0.11906896403419003,-0.11616113422449056,missin boo  ,0
582,0.25765305005446165,-0.13939796639797666,me  ,0
583,-0.17975891925625584,0.1816043403047906,n't useless my damn chalkboard i chalk is  ,0
584,-0.19844240255669882,-0.185344761187376,day throat blast hates getty worse getting it sore villa  ,0
585,-0.17129997174246275,-0.044456556548651376,hey missed mama sup ya meeting  ,0
586,-0.14322182348197346,-0.015480225837254627,anything tummy hypnosis smoking stop working if hurts wonder i my  ,0
587,-0.26288263724656546,-0.05591061979551351,always fat ones  ,0
588,-0.23400942465049343,-0.14443293863696144,sorry babe muahaha fam laugh* *evil now asleep thankfully right annoys my  ,0
589,-0.1619051120115623,-0.14892073385699317,webpage photoshop undergrad attention paid covered class design i  ,0
590,-0.14301809280673167,-0.14082881786283888,b-day wednesday know n't  ,0
591,-0.4238035608841524,0.02460982859834211,poor cameron hills  ,0
592,-0.21421639860790312,-0.19648238120817374,please jerk babies my/our headache ex birthday 1st sh** start threatening still party pray i  ,0
593,-0.16861252478617028,-0.16130395178782644,really u find someone hmm problems enjoy constants things think ulike  ,0
594,17.405109480810445,3.1627618942849476,sick strider little puppy  ,0
595,-0.19141181046856665,-0.1601281106404381,wnt much well .. wana its rylee ohh party easter go able sadly do grace since steve b but i  ,0
596,-0.15205886904870852,-0.13475963003650845,hey pools n't actually bracket too won bad one money i  ,0
597,-0.18631991846294443,-0.030255776103038683,n't follow either work you  ,0
598,-1.0174181991524327,-1.591549589266022,good : t.w lose nite spartans bad the favorite astros teams  ,0
599,-0.23066019208145444,-0.20289882069492615,california : girl missing .. body remains calif girl missing found northern police found of  ,0
600,-0.15305760634412857,-0.12680553475155576,yesterday got capacity times will fail pain +15 hope fast hours whale i increase  ,0
601,-0.1660763251937855,-0.1828419804241065,classes work behind  ,0
602,-0.18127482555685717,-0.16203335567142252,watching quot house  ,0
603,-0.17912709945631258,-0.16031031130620452,remember strikes time back bum serious leg  ,0
604,-0.20015613396985793,-0.1738267915990045,online cool will complaints recalls laptop overheating kinds  ,0
605,-0.08240305356547831,-0.14511536679408665,mommy glad misses will she new job emily done training  ,0
606,-0.11535734127353497,-0.11194487369070628,sophmore rather messages ones mixed bad first party send year  ,0
607,-0.1905842392724048,-0.15066146144896264,overrated  ,0
608,-0.14840413531836494,-0.13240138829630074,behind times know thing moscow wondered afternoon heard i  ,0
609,-0.14822651416173416,-0.1407050540947331,voice.. bed laying  ,0
610,-0.159672547452339,-0.1302385555588992,sad killed sooo house whyyyyyyyy i kutner  ,0
611,-0.1823408424654676,-0.15751126276880903,sorry tell really culpa sorry mea i  ,0
612,-0.13973451320436264,-0.13090907707722169,believe n't suicide actually sense thing make refuse happened i  ,0
613,-0.18913921503884495,-0.1853778838156417,ok hope  ,0
614,-0.19477015883991186,-0.174935063189593,grind want much n't stop time inspirational damn do cuz the saddening love u i  ,0
615,-0.17112981984423997,-0.1625193881185073,yeah wudnt stand aw chance know  ,0
616,-0.25964890168212673,-0.14034501249692397,ugh 1:30am cant sleep  ,0
617,-0.14683763565875915,-0.34379890639920974,sucks sing n't ca hanging na wan crooners  ,0
618,-0.14957428811527737,-0.15343979104907612,beach too.. girls miss im aaw go w leaving morning quot think.. wan tomorrow na bh aww ya u  ,0
619,-0.17463282296826096,-0.1602310902232784,station radio is asba pissed  ,0
620,-0.17311662402932862,-0.17106271616610422,b-day n n't wednesday know  ,0
621,-0.2141444565418683,-0.051167911840147476,good sounds thought life head flipped ramen upside i know  ,0
622,-0.22679464687032752,-0.1650172140852536,mention hurt made not sides fail pain back i crying my  ,0
623,-0.14375755171099291,-0.18248657010051236,ugh sleep sick back late quot hate glass b/c night oj snack getting i sickness  ,0
624,-0.39808934436225224,-0.2293260039304022,belle fan big camilla i but..  ,0
625,-0.21723270881341322,-0.17809578403610676,broke mine wait ca el-stupido 'till blame must work n't clip ca 'puter filters something he see ex wah i  ,0
626,-0.11341079831295592,-0.08614871146507712,need do.. seems this week actually terms done going longer i much  ,0
627,-0.20397529770441358,-0.1941850446857421,i cold  ,0
628,-0.20150213327222702,-0.15043328374069967,ugly weather n't tomorrow gon ehhh turn na take  ,0
629,-0.16019048011622442,-0.15354139699006936,cooooold go show haha incredible d still stuff  ,0
630,-0.10812205537570942,-0.19655404316266972,tummy hoping soon go rumbles away  ,0
631,-0.1281021333075436,-0.07937325660836032,follow called they tomorrow no told working agency said notice i  ,0
632,-0.44579997234729046,-0.3893649901863699,bedtime almost  ,0
633,-0.1289630828454545,-0.1255744735865269,long babe.. sleep missing try hopefully imma tired happy.. alive yawwwnn.. love headstart i  ,0
634,-0.1287610337316567,-0.1349700668601142,snow agh  ,0
635,-0.19277569151691334,-0.18278365622296505,kenny powers miss  ,0
636,-0.246088226790951,-0.1852462803123941,sad n't thank know people actually now direct letting bridget message i got  ,0
637,-0.11779978150227496,-0.09842280294839806,missed consecutive n 100th victory win 10th without loss test india  ,0
638,-0.15464125297606274,-0.1412093117535992,guess i  ,0
639,-0.14450303888206287,-0.13475234266804426,going sadly bed  ,0
640,-0.14000514004599027,-0.13733215705243437,stephan shame hear  ,0
641,-0.3100578062172337,-0.03725145729080385,hey morning leavin  ,0
642,-0.19723974064324654,-0.20876621323099026,12 novel happen and intending probably finish editing 536-page pages will left manuscript tonight was  ,0
643,-0.2636080986163684,-0.25367062249687916,today now laid hurts head around much  ,0
644,-0.1324703000349103,-0.12863222286346176,francesca diaries made n't easy amp read hmm 10th cry princess saving still 9th end books i  ,0
645,-0.1970357829368998,-0.056905304577528834,nokia died.. 1110  ,0
646,-0.18209186838456767,-0.16044402273438962,might anything mom like breast wo n't week find cancer i worried my  ,0
647,-0.2147305027942616,-0.5068669358285482,hoping sleep tomorrow going better day  ,0
648,-0.11535733159245543,-0.11194485353807745,savings later hour wish they keep breakfast understood waking though lol.. kids daylight ended  ,0
649,-0.19585499351466656,-0.056247008907401946,lame  ,0
650,-0.1465391859866471,-0.11344769825529569,understand really i n't  ,0
651,-0.1898483025885475,-0.14209296986236433,season heroes n't  ,0
652,-0.338380176700705,-0.20318068148944904,n't fun living downtown sure much  ,0
653,-0.12815836102041944,-0.1458882949810351,ate cherry sour not wish coke skittles big thing calorie food ass junk wise i free  ,0
654,-0.1658365650781892,-0.1853632679166433,work man hard  ,0
655,-0.15998454956280939,-0.2483646779692196,time studying tea sick hot getting sleeeep  ,0
656,-0.1770619783013229,-0.17479680848358564,eyebrows getting pain more waxed  ,0
657,-0.23995557175932813,-0.08863275376776523,yesterday star phantasy no going work  ,0
658,-0.18600238930533608,-0.16067180659064856,oh macheist n't just espresso serial got though 3.0 said did well apps sweet sent although oh  ,0
659,-0.13810891688352564,-0.1960339246264581,st good pick go mich way win lost feeling tonight was pretty picked  ,0
660,-0.13057267218659813,-0.12098284155376467,working alone downstairs  ,0
661,-0.15654102546943147,-0.14359540887984043,feel bad i  ,0
662,-0.16547774110585575,-0.15323358309132798,anoop kinda hates seriously mean  ,0
663,-0.21713387239638834,0.23641975642964694,sprint baltimore chicago 4g far yes  ,0
664,-0.1434025837436064,-0.1235507259319566,stuck yesterday and second middle row night felt awake day terrible i  ,0
665,-0.18228414143869925,-0.14287658584724425,bubble bursting thanks  ,0
666,-0.13532485011791553,-0.09593432479599313,anything school n't find soon gosh wear ca going hard  ,0
667,-0.18649372601879613,-0.29050979716626063,serious lol i  ,0
668,-0.16425849904875744,-0.20014234236797154,until page deleted sooooo sad day history long i got  ,0
669,-0.12581853927408335,-0.11862657546281206,wind crazy today = birding  ,0
670,-0.21323336903196213,-0.23529676993126133,work.. currently  ,0
671,-0.07872988031843806,-0.14530643826726578,weird ipods playing n't full ughh ho acting jai thinking grrr.. songs..  ,0
672,-0.17909435818979427,-0.12450253482619666,missed not dvd happy heaps cos send i  ,0
673,-0.11921410161820588,-0.11529469010153369,see deal n't big website  ,0
674,-0.14468073537442044,-0.14097959263022025,go sorry i again  ,0
675,-0.23776295570331882,-0.17508969847940656,tips way far rail  ,0
676,-0.2178095699778619,-0.16228239750237433,losing keep swear gaining so heart tweeps why still wrenching i  ,0
677,-0.08877901802060206,-0.12238842736072232,today good n't find realized ca things even i hiding  ,0
678,-0.18703001951853043,-0.2274906202619976,staying loud-having so house neighbors sitting friends party  ,0
679,-0.12688310902269867,-0.12413651962357641,im danny car soooo wasnt trip live upset hours watch chat  ,0
680,-0.12480449691138062,-0.1219251345368048,check mug  ,0
681,-0.19824494934545378,-0.17424369293351405,closed borders  ,0
682,-0.2567930027995711,0.02778823733737546,slip come hell album nin times days new downloading i behind quot  ,0
683,-0.12194524788975206,-0.24462720834211155,8:30 already woke teach just go am university today early written e-mail i  ,0
684,-0.21425059832959698,-0.14328773811623796,sad hill watching .and making  ,0
685,-0.14321456561790036,-0.13026398909745432,may find yet channels boring so lazy hobby day many  ,0
686,-0.1680320306837475,-0.18240212138734768,buddy miss ny 25th ill i  ,0
687,-0.23812392330767135,-0.2051794089062703,tell qtr people beautiful french south love i snarl  ,0
688,-0.1293907283463661,0.10110277560039344,come problem as opps.. remain now said.. one day still i got  ,0
689,-0.12315622537096772,-0.12086239146061303,activated might block regularizing qc n't meaning check early new selfcontrol difficult ca clock i internal  ,0
690,-0.14320983806987994,-0.13676298372967038,oh no  ,0
691,-0.26588982019411683,0.4844015002227735,spencer good guy  ,0
692,-0.22830269457314695,-0.12327493889099267,dying season president and woman what week next madame finale boring reese crazy  ,0
693,-0.182194907919462,-0.16103873687508496,fine letters too.hope limited hate sheã¯â¿â½s dog guys well pray i  ,0
694,-0.09938746771977718,-0.12475451591725213,~ n't today screwed done shit  ,0
695,-0.16421413914317537,-0.1657430331914412,go wanttss  ,0
696,-0.18412670435582587,-0.13449833874491907,is going tonite sleep  ,0
697,-0.182194907919462,-0.16103873687508496,tonight tired worried post  ,0
698,-0.19752278768060638,-0.20458502570721368,~ n't today screwed done shit  ,0
699,-0.18731392272130776,-0.2237534078249075,got sleep wish cardiff job interview today luck hours  ,0
700,-0.22443587146403549,-0.15658887658811643,: your wiggety-whack show worse way * whack  ,0
701,-0.1473148639250208,-0.14001831446165391,chose might really dead think n't people way but now help accept choose family i he  ,0
702,-0.20754653809238377,-0.1707525373592975,week you ds9 sitting till seen waiting one going kill solid i  ,0
703,-0.16009652668744448,-0.1528741714059997,hrs ur now 4.5 right think hahaha  ,0
704,-0.21650613466612703,-0.06570415036919817,sad see hate spartans  ,0
705,-0.18667656887819653,-0.12796088502846611,body had thing severely quot mind boot getting nightmares protesting my  ,0
706,-0.10841144249016851,-0.10511597108534597,go goin n't follow lol angels u i  ,0
707,-0.1682320367903931,-0.1270360612796859, ,0
708,-0.2046433081741411,0.09829177537378192,want n't read library books think i  ,0
709,-0.24581733796642208,-0.19950497340109574,nap times interrupted today 'rents japanese going many my  ,0
710,-0.1463942232384855,-0.13685482515994865,longs bus ugh world end now kind right shows ghost  ,0
711,0.02614708526814029,-0.9651583405563883,ugh weird supposed wednesday snow canada  ,0
712,-0.14317279629777985,-0.14325882980136367,sad : underneith babs shop transformer entrance movie look awwh quot new i yesterday musik o-  ,0
713,-0.18643941550495416,-0.1502788029295993,macbook sad fell 'feet  ,0
714,-0.19956183017505438,-0.19254535757538854,tipsy sad 132am tomorrow gon na lonesome i that late  ,0
715,-0.1538946608861973,-0.17882830671736655,may n't find e3 someone crash trip if screwed sweating ca forthcoming i  ,0
716,-0.1914520606381941,-0.2891112448130432,gotten somebody read now cant make has tweets account  ,0
717,-0.14306263101195513,-0.14199458750913302,: d heat time cat couldnt handle omgawd  ,0
718,-0.3006207039086317,-0.1942315957377575,good show hope looking make auburn i  ,0
719,-0.15949154897775364,-0.14155258732499115,magazine *thats made pictures mag people tho haha couldnt fit in.. dont think  ,0
720,-0.1974550035280259,-0.1359269476851135,congrats forgot submit totally photos  ,0
721,-0.14965621714982896,-0.1425784609742186,please n't album gon paula good fun xxx luck na new hope awww work hard amazing your i  ,0
722,-0.21740798485297616,0.0069030102107172945,-gets sad- leaving now  ,0
723,-0.03550248610788373,-0.12802153921590398,phone broke miss i now ughhh using nokia stupid advance twitter my  ,0
724,-0.42774756831611527,0.9412902993667384,: my not o so outside shooting kidding house scared  ,0
725,-0.17315973048705013,0.10734092617974794,lecture might that techniques accompaniers become useful stress reflection start tuesdayã¯â¿â½ll ã¯â¿â½n us sure reducing  ,0
726,-0.19515801171603506,-0.1460165688110625,tragedy what week disaster news  ,0
727,-0.18282536855791126,-0.19159212969665987,find trying will picture upload still yes correclty..  ,0
728,-0.17709955240636913,-0.155781941900665,opening game forward looking red rained why day sox i oh  ,0
729,-0.15917264170245207,-0.1324099833115066,keys n't find ca still i  ,0
730,-0.1589402812087447,-0.11264343322188466,dunno know going right twitter i  ,0
731,0.4013847860386015,-2.5734443324934158,getting might sore throat  ,0
732,-0.21674893369094253,-0.132436105123782,child walk alone hello home depressd called my let parent 8yr y 2009 town old pls explain its mammy  ,0
733,-0.23419855910778162,-0.41312768514606907,need combo paxil/wellbutrin losing find efficacy anti-depressants i think better  ,0
734,-0.13724198862204862,-0.12964535694740925,competitive time called woodntap 2nd round tourney restaurant place eating we  ,0
735,-0.1787798811808742,-0.23122085340778475,lakin wake bathroom  ,0
736,-0.20853765416142267,-0.15785539136658758,hello gay want margarhitas say lt telll tacos  ,0
737,-0.15616234396313308,-0.14881033256228132,company 22 female im keep lonely california  ,0
738,-0.17734699638764856,-0.16242714186927887,day office bad betfair  ,0
739,-0.15630660915399247,-0.12447280057272268,weekend miss n't ca win though celebrate wait tar heel i  ,0
740,-0.1276387753033582,-0.21111511420341614,nothing really want n't go sleep yet i cold  ,0
741,-0.20114983893662716,-0.21564988075163224,go its round officially u  ,0
742,-0.16860249664753307,-0.12097057306456828,twin wont heartbroken back found write monkeys even  ,0
743,-0.15979071294860323,-0.13044613225133592,yesterday aww know felt work i  ,0
744,-0.2149164334621718,-0.13157566238826227,defined treaty n't  ,0
745,5.732160899691006,-0.19196625650577906,missed gt praise band guitarist no lead fun lt pout brent  ,0
746,-0.24780155365505357,0.1973197822515497,poor john seriously play have xxx microwave happens seen though fruit doctor  ,0
747,-0.10841144249016851,-0.10511597108534597,watching courts bff home missing lt reminds away shout it u my  ,0
748,-0.15487061154798742,-0.14768473470101143, ,0
749,-0.1637673901071729,-0.1382855544037716,card video doa new  ,0
750,-0.10525685980376352,-0.1788389187708905,iphone naked sort lost ..no jk feeling confused  ,0
751,-0.2205230806322374,-0.1329685562987768,filling appraisal occupied .. people damn work late sent form almost  ,0
752,-0.2148479274513555,-0.09021609466419485,missed praise band guitarist no lead fun lt pout gt brent  ,0
753,-0.09309021500724272,0.5498984824084058,wat past much cant change ..but deserved thinking still gah think got  ,0
754,0.3098959517903644,-2.3704804375392126,no-where lost seen ring it  ,0
755,-0.1987861996855373,-0.16447605765322773,*sealclap* fuck zip yeah moneys amp 4chan shitloads download see internet alicia mikey folders i ooooooh  ,0
756,-0.1423207687180323,-0.16897694071007893,nile baby nursing better is glad sick hate feeling still i  ,0
757,-0.1602634719699983,-0.21626473702914864,is go fucked back ic  ,0
758,-0.17568957135625404,-0.14174294216004513,reconnected bed go yoyoyo rude just internet tonight i  ,0
759,-0.05411856910494264,-0.09770220903327172,uni well done netball stuff netbal  ,0
760,-0.2095771718252923,-0.1623493647454825,me poor i  ,0
761,0.34193562064132627,-0.12800392670866625,amp april help july 13th 8th forget  ,0
762,-0.1417312049391297,-0.1491943849655103,wan go bentley columbus na dierks bad oh comin  ,0
763,-0.16814981806971718,-0.10855185906102742,take sidekick back  ,0
764,-0.13798651471548193,-0.1279020323670986,wish xm working totally jealous congrats i  ,0
765,-0.07687166319788188,-0.30172513533330514,face gr8t itchy  ,0
766,-0.23441585531965253,-0.17889482420512548,socks retriever poor want sighhhh one luvvvvv golden i  ,0
767,-0.1401079996210413,-0.13514006636044654,fucking luggage girl found piece how terrible saw i tracy  ,0
768,-0.18922631863478714,-0.07437023491182092,aaaaand back nausea  ,0
769,-0.21628608776019118,-0.313077606744775,excited youtube ooh even iã¯â¿â½m going long love  ,0
770,-0.19457797598743182,-0.19550071175345593,hour reach find holiday today axis bank mahavir contd.. spent jayanti  ,0
771,-0.21171144836434702,-0.18036021454266213,jobros agree often update theres dont  ,0
772,-0.147912781620692,-0.13782539483844608,went linked lj time clip ago link back now hilarious dead i  ,0
773,-0.28888692938278104,0.7107723065109345,need study im thats oooooooo neither  ,0
774,-0.11159799555046979,-0.08913484721739731,website n't time hopefully nearly posted have tweeted tonight well goes night day  ,0
775,-0.17364867849828147,-0.1363600570823134,bentley miss i  ,0
776,-0.2139011109088679,-0.007483044753289416,finish seriously needs job applications  ,0
777,-0.989422000978217,1.9120235792899491,tense three son just holiday days sick vincas back home stay kids work i my  ,0
778,-0.14062100245277803,-0.12322734648969513,unreadable writer correctly well whinging my text rewrote boss written understand good n't client reviewed english amp v. it  ,0
779,-0.15470225126958453,-0.15091444042346072,punch want i n't  ,0
780,-0.10841144249016851,-0.10511597108534597,ughh snow sick sooo  ,0
781,-0.15595778896835025,-0.19066438538752845, ,0
782,0.150698620018232,-0.4053204670450902,work upset fan n't  ,0
783,-0.16232745943371502,-0.1627514501680602,live soon video discussion repeated related koodo games apologize going tweets stern stern i  ,0
784,-0.22231133453024313,-0.22250169708867554,back cant pay etc figure / hotel  ,0
785,-0.22410594746691123,-0.2369041827844524,: classes fml bc ineptness now register so seniority technological again i quot much  ,0
786,-0.15953070640006234,-0.1577748361199158,slept not gallbladder least now pills at away pain looking forward bouts feels day i  ,0
787,-0.22498390162639514,-0.20908906460313506,really want bass back old i  ,0
788,-0.14377363313282263,-0.13554476377900052,mad today early tired night callin twittas tonight nighty  ,0
789,-0.12614395884732155,-0.09320783588586751,easy good take  ,0
790,-0.15993952917712445,-0.12042321859281917,code afraid bad i  ,0
791,-0.15026150373233146,-0.08345398955315345,think bed goodniight hate going i  ,0
792,-0.1691828604478745,-0.14843591478025103,love friend  ,0
793,-0.12332149688596039,-0.11948764859874242,n't time all gone needed db2 notice i  ,0
794,-0.12719036629891137,-0.10458021352102584,pee bathroom  ,0
795,-0.2157776329690474,-0.16895489461347057,margarita wanted i  ,0
796,-0.18968348597219664,-0.13025974731177223,yup go allows night schedule workouts worst unfortunetly tough work  ,0
797,-0.21654866712588283,-0.18949812368503607,tell good list n't just hillsong looking said waiting i called know  ,0
798,-0.19724074320453555,1.2557136540864697,coke 200ml bar milky left around 0g  ,0
799,-0.18182713319197197,-0.16806929347026592,arrived it stillllll n't  ,0
800,-0.15572608586306316,-0.14720750966912233,school art wants dancing feel mraow rape first i  ,0
801,-0.11181217348699228,-0.6532554409275513,craving ah bet time play but noo softball basketball i  ,0
802,-0.23038018231391458,0.046311301949994395,assignment management gets reference is doesnt back deleted hopes trouble accidentally terrified  ,0
803,-0.22972712906480774,-0.22337972991834376,need sad provider worked amazon s3 4.4 hosting php plugin website  ,0
804,-0.15239890270023707,-0.13522065910153114,hour hope argh : n't ago wide now stay suuuper night awake sleepy i -/  ,0
805,-0.17969147965150084,0.10566400461804831,let time wish know sold if hear love i  ,0
806,-0.13873512693740953,-0.14637918479098838,watched dreading tropic thunder just tomorrow  ,0
807,-0.11535732673447194,-0.11194491074876849,still miss'n  ,0
808,-0.18848340815993614,-0.18683572896964473,chiefdelphi  ,0
809,-0.23290443734821942,-0.0637159369604975,fight puppy new covered according picture stolen bro poo poop  ,0
810,-0.277607500678282,-0.11007052115995389,playing n't game yet home new boss call  ,0
811,-0.15701297277132673,-0.16253414465546004,unbearable made staff guilt yin su tweeted feel cry huen i  ,0
812,-0.19936824415773793,0.01442832963095847,damn poor tejanos joshy sick  ,0
813,-0.16176264235356044,-0.21279366158221164,cantu sad sandra time thoughts difficult family my  ,0
814,-0.1626209166674748,-0.14194840452039914,let know wanted happening everybody i  ,0
815,-0.14378881947286612,-0.24126156649186792,shameful michigan n't know i *sigh*  ,0
816,-0.1324125722000242,-0.24320855109446082,hours fill two  ,0
817,-0.22239662444936553,-0.14503190455023088,hey cuuute miss everyday na girls seeing  ,0
818,-0.16367899477261133,-0.1497381813219363,mention cage office gooooood germany im back quot moooorniiiiiiing .or did i better oh  ,0
819,-0.2580630600669927,-0.28324579002783334,good throat idea string closing cheese  ,0
820,-0.1444798560443488,-0.1529914471486333,cantu poor good sandra go aww children seem missing found suitcase never stories dead family  ,0
821,-0.15734076784832077,-0.16710364965579017,home wishing covers underneath  ,0
822,-0.2279845370684576,-0.1711235703774292,walking school drains home energy  ,0
823,-0.17051880661515967,-0.15371164432628312,awesome excited noah thought week tho shapeshifting copout angela agree the ep i  ,0
824,-0.1908977644787828,0.2806823076526518,outings any earlier planned knew dang done i  ,0
825,-0.03398677702212122,-1.7571487938369559,better wish taking write it writing long paper i  ,0
826,-0.1493629698571435,-0.20087724206018887,map access course ugh.. pack news.. mythic halo bad 600ms legendary re-download.. ..and i  ,0
827,-0.1645210874140794,-0.15210850775689094,latest weeks yet unfortunately little another told bit project how i busy  ,0
828,-0.21707423985726476,-0.18208174449727177,ha already sun gone  ,0
829,-0.17770585880290812,0.1477182657415322,see let lot 2. tomorrow harder 1. day goes  ,0
830,-0.25589768341181274,-0.26830121661299866,let man peavy crush jake my  ,0
831,-0.14534500836830974,-0.16456612742190843,see want going tried time or tom/weds megafast fail warn trip tech bad tonight day  ,0
832,-0.20387587228409149,-0.2099462628315807,sad state michigan make  ,0
833,-0.2080806985391458,-0.3456872053632158,wan braces sleep time untill omg pain na mouth take much  ,0
834,-0.22001189709848218,-0.23448818595632118,biofuel : today biof.. easily annoyed proposal getting gt  ,0
835,-0.19869837617348232,-0.16206252441279936,hey site girl videos back girlyvue the even  ,0
836,-0.17350226676363514,-0.17693501675825132,n't time tomorrow skittles early spending grandma ca leave  ,0
837,-0.3288938764636799,0.39620326695072267,michigan watching state home tromped got  ,0
838,-0.14971412013795277,-0.09257420742089988,ache possible jew-bus _ classes years alot finishing lt two bones organize tonight work gt worth oh  ,0
839,-0.16910879101899023,-0.15964475889356855,arrived exchanging laptop n't  ,0
840,-0.19056621709944638,-0.472720654551539,n't feel hope last miserable long  ,0
841,-0.2788066709124919,0.1629511096596137,im hang rachel gon home na wekend dumb outage work make sat folk neccessary free f  ,0
842,0.10671046063953148,-0.8367287350788618,the rambunctious not clamped amp mantra city furious new fun breakers overreacted getting bay it  ,0
843,-0.16614414726317364,-0.17801905764745668,spot good carpet thinks red sod hubby reason movie important premiere trek  ,0
844,-0.24998677711661624,-0.01633557859347565,eyes gets 5am swear matter easier hurts never man getting long wah i  ,0
845,-0.1723959277842517,-0.1420506757698796,fades jeffree within week keep hair dye how one color permanent my  ,0
846,-0.21813817115226927,-0.20203734178647487,see n't coming whoa reaction  ,0
847,-0.1950870421527925,-0.1775093820058578,good better sleep still sick wtf got bit new hope feel night medicine feeling ohh snow i suppose  ,0
848,-0.17086103578516357,-0.1293173027098434,how ur sleep worry maybe productive now hon tired couple dog hours right think i  ,0
849,-0.20902128069692508,-0.15575051064971251,lot n't find thanks words new looking learned i  ,0
850,-0.1480316826237912,-0.14203680378441358,this thing nonsense tired gamertag 'hitokyri downloads wish i xblm  ,0
851,-0.14776439525041532,-0.14191093467020716,test testament 9:30 new  ,0
852,-0.1672644722514551,-0.15912355422263758,troll tons hay ahhhh  ,0
853,-0.1279562390982019,-0.11176903048359789,watched stupid mirrors stooopeeed movies rip ugggggh  ,0
854,-0.17330718762293132,-0.16565554752161346,i love buck  ,0
855,-0.11803357226632145,-0.11327213903039778,still last done one  ,0
856,-0.20080198445386716,-0.14439164190206524,homework  ,0
857,0.1850111101144447,-0.7047825360509471,baby want n't time unfair taken back enough understand away things i he  ,0
858,-0.13060058535814623,-0.367480713440335,shoog : n't heif scratch half du poots tum cookies ca take anymore my two  ,0
859,-0.30430905956864784,-0.4228370721073101,miss time go plz forever town visits chi sweets listening first much  ,0
860,127.62163839702923,0.9600364233498576,going ah dark email emails meetings 6pm afternoon day still geez busy meetings  ,0
861,-0.18594495508832062,-0.19269611508817344,more for all well work cool that is phone too week money ttyl oh break have everbody how another bad spring dang to i  ,0
862,-0.12914253346578072,-0.1190530774409543,uni afraid ago im ages reply ur  ,0
863,-0.27591609324708144,-0.12272002218832094,feeling  ,0
864,-0.16685655977116118,-0.024194555710897774,both broke lol men omg night ass eating.. us emotional late  ,0
865,-0.16520987482803628,-0.08150566661322708,heart nick aww cut break hair i longer my  ,0
866,-0.1751246858628105,-0.16937468882455384,lost wonder net jon  ,0
867,-0.15396177911839545,-0.14276429157920043,losing wow depressing video created thing world seconds matter the  ,0
868,-0.16773872060087208,-0.16972950171311313,says stock but  ,0
869,-0.16821591906330582,-0.1516484210771598,im sorry lmao ate poohpot  ,0
870,-0.16729270371666452,5.020630354261291,any n't softbelly loud chance  ,0
871,-0.1448014698641441,-0.13678348949298352,fat swimming posterior lose move articulation running creaking drool iã¯â¿â½m my time  ,0
872,-0.21521858405161726,-0.19357993837284995,cry nathan listening  ,0
873,-0.2988296579784109,-0.4734875341323152,sucked wahhh gon today na without callum die chris i  ,0
874,-0.17788317692696357,-0.1446765120207191,um notices stou open exam site course mail info must 2/2552 wait doc update i  ,0
875,-0.1456144250163017,-0.14122370368701004,come 5am kinda sorry quick yucky feeling going i  ,0
876,-0.20088894779663805,-0.13431922629196502,already love missin scrappy  ,0
877,-0.20523601977230263,-0.6162281892456546,myspace wants song hear messing  ,0
878,-0.15046497470714276,-0.1526239177469395,dying management coach life started business now good bad new weight cancer dad news practising holistic i  ,0
879,-0.15132392289115718,-0.12111407867484333,soo sad intervention man  ,0
880,-0.15618915111532508,-0.12503656277073458,stuck need boyfriend help new rut i  ,0
881,-0.48551682325544854,0.18981274342603166,n't idiot shit feel help works one complete i  ,0
882,-0.24804446853053824,-0.30490473447106065,host ad female realized psyched craigslist but hoax saw totally casting call g4 i  ,0
883,-0.1445237886202066,-0.12165369651465772,: rolls valentino pepperoni l.a. said called sausage pepperoni i  ,0
884,-0.18283356711368695,-0.17771004003289384,yes monday will  ,0
885,-0.14680960725608383,-0.140702795071676,already want episode new gg  ,0
886,-0.1774424675252218,-0.1678508254996946,miss rocko watching life modern i  ,0
887,-0.18827062722360335,-0.1352346228632563,sad something sandra someone rip .its  ,0
888,-0.20636489291448704,-0.19523571368629422,buddy fingers keeping crossed feeling well he  ,0
889,-0.16528922641997154,-0.12161060785892541,or hungry wait skinny i eat vegas  ,0
890,-0.18262681596195193,-0.19019879779357804,tweetdeck or passion tried hated sure i  ,0
891,-0.1467261596296278,-0.22521317083724823,dying anything funny admitting bs acting iphone sayin btw freezing quickly i  ,0
892,-0.18323978968433383,-0.16062032929400463,ed strong wondering sitting hold still quot  ,0
893,-0.1732295189323151,-0.16357344429855084,got bed lol sorry im sick going you i night  ,0
894,-0.14008936626702,-0.13927053076522825,internet builders ox home use drive  ,0
895,-0.17903479387933657,-0.1040977633651651,freezing weather canada  ,0
896,-0.10841144249016851,-0.10511597108534597,twiggassssssss good hopefully now back range i day  ,0
897,-0.19107612155092726,-0.16763838982009263, ,0
898,-0.20782781407615836,0.10858088951366109,pain anyone she grandma reads pray  ,0
899,-0.2738392368086511,6.426108219177867,woke n't stop pants wetting accident pushing it crying quot  ,0
900,-0.13987432535750913,-0.1354663625826895,someone jumped almost street fire kicked lost home shoe jenny i franklin  ,0
901,-0.21034999356961398,-0.16203332668707127,hey default changed  ,0
902,-0.21453754431459224,0.3154017173126718,myspace going problem finally gave tho thing start bored 140 enough think i status  ,0
903,-0.1230740058914855,-0.11838338155779195,eh awh and really definitely oooonly early if work lucky  ,0
904,-0.1667890085928527,-0.20659072955645424,buttload homework  ,0
905,-0.18759105500810333,-0.21371144734393388,visual 2008 studio another needs copy  ,0
906,-0.2204643247202203,-0.2830745815034882,school when will look world side week.my silly bright u anyway  ,0
907,0.1974194047999615,0.07133531718454032,im economics gon test fail omg na things dont know  ,0
908,-0.16933522136225615,-0.12709942248206108,sad upon philippine time poaching fish islands hundred pride coral/clam/rare tourism once kinda  ,0
909,-0.1849360470506044,-0.1329399130985475,yeah really apparently bad taste  ,0
910,-0.25888091813150427,-0.14662204369929993,really tomorrow everyone surprised youtube know figure call recommends i  ,0
911,-0.16171593404868645,-0.16084364233448964,ride want harassed ugly waiting trying men hats.. airport why sleep.. sell i  ,0
912,-0.1718996974695046,-0.1152250739367829,bars fuckkkkkkkkkkkkk go now location left ids  ,0
913,-0.16620300535993815,-0.14992497754754663,n't sorry comment last understand i  ,0
914,-0.21999160719004746,-0.019973395024034116,stayed night last announcement late  ,0
915,6.197266742369722,0.046090446770517414,legal avlbl stock what torrents dvd everywhere now illegal i strange  ,0
916,-0.25936691249299265,-0.18258743260928842,its imiss not say u to enough that  ,0
917,-0.15800934781914053,-0.13436026535118298,padre remove game packed this trolley car mts good call sardines  ,0
918,-0.14081469530692842,-0.23019477345515965,trying help jeez haha i  ,0
919,-0.1550765113191803,-0.1447387735473534,green saturday along night glittery lighter happened  ,0
920,-0.18563015241356604,-0.19944492959196436,trying number cigarettes reduce day  ,0
921,-0.17335528428831928,-0.1859240349091924,death yea im quiet cuz nobody bored everyone work around talk  ,0
922,4.429133798450845,-0.11502874360181917,assignment ta cooking hard got  ,0
923,-0.2033470006477105,0.20538718698641242,talked all people no i applepears told one okay never  ,0
924,-0.13696689005065638,-0.12732475168894292,behind nature time owl know hahaha night zone it am i almost  ,0
925,-0.18926414147811152,0.2659857720454222,complete nope lol  ,0
926,-0.148902599526725,0.07286519779963312,useless want sleep n't but fun fair well it i  ,0
927,-0.16923895949372403,-0.16749589703213844,pookie gabbie no back uti % nurse 100 sodas i my  ,0
928,-0.10841144249016851,-0.10511597108534597,damn something please hang tweet  ,0
929,-0.18558281886808975,-0.11546740218387093, ,0
930,-0.2497690005464028,-0.1602558275537547,yesterday everything so video matter news games behind i  ,0
931,-0.1596829109806343,-0.40295302308129355,soon amp tempted mocha home chocolate left d one ate velvet i got  ,0
932,-0.22656375427793043,0.8435970932404901,stressing is red flashing faking reason its hate alert keeps status i blackberry  ,0
933,-0.10801981434950583,-0.16898941539297005,wan n't worn december martens na wear doc have i  ,0
934,-0.16417281223107466,-0.11128894266655251,when see go find shop days couple back guy so shoe shoes repair i  ,0
935,-0.220873039224364,-0.21083616257827037,coming see really i  ,0
936,-0.14973485812196582,-0.1575793837512493,not-cool woke sketchy time life wall dreams lights stare vivid  ,0
937,1.087257896055311,-0.1374549028344965,take days passport sister  ,0
938,-0.17412426253515612,-0.12339346050436248,yes my oh miss  ,0
939,-0.14416367928610996,-0.16770469517383696,think sick getting uh i oh  ,0
940,-0.3123287983339632,-0.10370344502080892,belly god button good ruined  ,0
941,-0.18375518171444238,-0.22943851244738592,toon miss framed who watching makes rabbit town roger  ,0
942,-0.1947480828663315,-0.1598200114381812,cheap awesome renting.. house renting attempts fall buying we  ,0
943,-0.13567989790379145,-0.08344443114884365,good + running spinning = head combination nose meeting  ,0
944,-0.17740566962964535,-0.18971439199817108,lost negative.. confidence vote  ,0
945,-0.13453575925639877,-0.1409238077594768,nasty iphone today due budget sent apple  ,0
946,-0.17914703433020077,-0.222823696082786,thatã¯â¿â½s bad  ,0
947,-0.1866532567024526,-0.238098522120459,anything stopped n't wo middle play dammit reason now episode kings  ,0
948,-0.18217308860291476,-0.17391663155702144,missed online i ceased internet quiz upset chat free  ,0
949,-0.19885553021668712,-0.1977627091641773,believe hurt disbelief really others how n't people way always ca take i much  ,0
950,-0.13159536221211804,-0.12557422059986184,season car started show without  ,0
951,-0.1775335270274213,0.004532194767961334,raw throat  ,0
952,-0.18195895610852392,-0.10922328809762039,real fam n't what prayers i ish mind persons even my  ,0
953,-0.20305956723176852,-0.1974348031254538,need see n't now hate call therapist i  ,0
954,-0.21121400923392827,-0.1667468572598641,yesterday come fingers n't twilight crossed today  ,0
955,-0.17449930678356265,-0.17670328139564515,see able glad sick i feel hate help love better  ,0
956,-0.16595349346325308,-0.12503997750021906,study assignment want sleep finish exam tomorrow tireddddddd  ,0
957,-0.13232510360577265,-0.12854168697649107,need i you thinking money know  ,0
958,-0.1526022632235798,-0.14865188233103105,jst teusday omg..its  ,0
959,-0.21143585357770603,-0.0775551815261986,find ummmmm cant  ,0
960,-0.16709177540782819,-0.12823150351326465,cantu sandra just she found heard old yrs  ,0
961,-0.20933093553617374,-0.206256065565843,forgotten ive snoo-snoo will wonder i meet  ,0
962,-0.19217072957148826,0.7065503691919812,giant made sexist sorry seem last wow tweet  ,0
963,-0.14416065178500906,-0.15640543936883608,ass dangit my iz haz job drano fail : bathtub drain fired got still wan draining amp not na shower i  ,0
964,-0.12235176042836794,-0.12348229600927926,stuck home  ,0
965,0.15420294132147916,-0.05973460493725966,mine 1/10  ,0
966,-0.15572159422810983,-0.14245489757157348,famous garden children duckling via book stolen boston the globe oh public no  ,0
967,-0.15691670257237267,-0.15781363321935427,list thank includes convicts however hate i  ,0
968,-0.1775624935409587,-0.16625853611993482,altrincham install heading hours out  ,0
969,-0.15184201167814332,-0.12558314025508596,knackered work im morning today good helppp xxx bloody  ,0
970,-0.14674974674230049,0.5872031672250753,n't garage driveway but i park  ,0
971,-0.2466036351950025,-0.20007495360330652,what happened  ,0
972,-0.18118758020723935,-0.18585935345742904,prescribed probably t.w.adorno reading music popular struggling actually quot difficult continue on i  ,0
973,-0.18644543869913482,-0.1734708696242984,see camera flowers cellphone cant falling dont  ,0
974,-0.20379864402899628,0.021588068781773852,good liking right nice spring-like now used how getting snow weather i we  ,0
975,-0.13764644426410486,-0.1541343812978244,see china blocked what n't youtube vids ca pity currently i  ,0
976,-0.11910325466548109,0.05627184813544504,show hightlight happened life  ,0
977,-0.15699033469003046,-0.20602513311025122,office sofa this leather world working though best still it means i  ,0
978,-0.16758637171396165,-0.15003307504326918,internet gets days uncapped still  ,0
979,-0.22056434075991582,-0.17063384179356483,something belly n't days if lodged better  ,0
980,-0.13562348850055075,-0.10978812190141068,miss amp atekinzz much soo love her..  ,0
981,-0.14504461483026865,-0.13792660006693588,zoo wan kitties sneak play na i  ,0
982,-0.08206714017114539,-0.1604674086799942,getting hope sick oh  ,0
983,-0.20029093274274978,-0.18465604806089786,cousins birthday cause party think dont  ,0
984,-0.15301287166696526,-0.1527262439559973,missed poor baby fell big brother today little daddy home asleep waiting sweet man our much  ,0
985,-0.131526528389115,-0.1273018002862848,weekend miss athlete angel going  ,0
986,-0.18480603854590916,-0.180723760652037,hard trust  ,0
987,-0.18781643627250966,-0.17894895325674937,watched shawnna tomomorrow need today bestfriend yaknow considering  ,0
988,-0.1328768420578119,-0.1257710006449853,anything reading wont want grr keep read left  ,0
989,-0.13819613845088832,-0.15148451843415012,atekinzz world  ,0
990,-0.12251752710193826,-4.161922311172451,supposed date no u  ,0
991,-0.13354492548856475,-0.10238990985772436,hamilton with bottle 40 win oh flashed 75 brie date cabernet gawwd cats quot tad pears life amp forward i  ,0
992,-0.17123493050458533,-0.15298597216675613,dresses need crap i  ,0
993,-0.156788456858243,-0.13337299815951525,yeah ugh horrible saddening know  ,0
994,-0.1897501947387468,-0.09724063198391691,fun geez ur  ,0
995,-0.14816558247054662,-0.16188855624720425,wan band na rock punk i  ,0
996,-0.163858195972012,-0.21801750291916605,lot angst tuesday afternoon that  ,0
997,-0.1870015675545041,-0.21964851904020585,sad britney hell county next n't cook glad show crazy now one anymore ap that i  ,0
998,-0.11907695348470959,-0.1145082157236465,headache omg feel crap huuuge i  ,0
