clase,x,y,content
4,1.2248424,0.6657457,"['guys', 'best', 'love', 'health', 'uandpets']"
4,0.33101305,0.11499909,"['cant', 'one', 'talk', 'besties', 'meeting', 'tonight', 'girl', 'im', 'wait']"
4,0.042342473,-0.17810833,"['darealsunisakim', 'thanks', 'sunisa', 'dc', 'meet', 'sweetheart', 'twitter', 'hin', 'area', 'got', 'show', 'add']"
4,0.027190007,0.10301015,"['much', 'make', 'hurts', 'friends', 'sick', 'soup', 'really', 'eat', 'plus', 'cheap', 'real', 'food']"
4,1.6659803,0.7926405,"['everyone', 'effect', 'lovesbrooklyn']"
4,-0.34263834,0.26465297,"['productoffear', 'burst', 'thanks', 'sulk', 'loud', 'laughing', 'making', 'really', 'tell', 'come']"
4,2.53424,-2.0427268,"['keith', 'find', 'thans', 'ihad', 'hill', 'already', 'response', 'answer']"
4,0.2609133,-0.28546828,"['jealous', 'keepinupwkris', 'time', 'hope', 'love', 'great', 'like', 'show', 'acm', 'vegas']"
4,-0.836303,-1.2628276,"['finally', 'tommcfly', 'ah', 'mr', 'fletcher', 'twitter', 'joining', 'congrats']"
4,-0.75189734,1.7081511,"['stupid', 'errors', 'type', 'responded', 'forgive', 'helping', 'voip', 'cat']"
4,0.31523472,0.11129695,"['hours', 'school', 'straiiight', 'crazy', 'spencerpratt', 'ha', 'happy', 'birthday', 'told', 'day', 'jb', 'hills', 'watch']"
4,-0.057732783,-0.7388485,"['half', 'men', 'two', 'naughtyhaughty', 'forget', 'love', 'show']"
4,1.4146523,0.7220102,"['get', 'worry', 'hang', 'nileyjileyluver', 'haha']"
4,0.36803657,0.2126294,"['may', 'many', 'one', 'cause', 'usual', 'soundwav', 'already', 'lost', 'nights', 'later', 'addicting', 'feeling', 'least']"
4,0.1163748,0.1267679,"['dm', 'better', 'make', 'get', 'permission', 'lutheranlucciol', 'blessing', 'gt', 'post', 'first', 'lol', 'link', 'sure', 'video', 'lt', 'miss']"
4,-0.49998555,0.7739116,"['added', 'tweetie', 'new', 'iphone']"
4,0.24379128,0.14791466,"['yeah', 'para', 'ko', 'globe', 'din', 'ako', 'think', 'na', 'makakasama', 'know', 'michellardi', 'really', 'gumaling', 'kung', 'alam', 'sana']"
4,-1.4035132,-2.0538154,"['picture', 'sweet', 'nicolerichie']"
4,0.90926075,-0.2958698,"['random', 'emails', 'pm', 'dinner', 'early', 'tonight', 'cutting', 'catching', 'bacn', 'rss', 'lauraw']"
4,0.1318884,-0.21593992,"['getting', 'around', 'room', 'dizzy', 'twitter', 'dancing', 'pjs', 'well', 'asked', 'ipod', 'jamming']"
4,-1.0395474,0.36287245,"['voting', 'thanks', 'place', 'peeps', 'anyways', 'contest']"
4,-1.8671066,-1.6334292,"['dreams', 'going', 'goodnight', 'sweet', 'everyone', 'bed']"
4,0.8401842,1.4819021,"['tomorrow', 'deposit', 'walking', 'littlelumen', 'put']"
4,-0.88305134,1.1063567,"['shud', 'tha', 'followinq', 'dachesterfrench']"
4,-0.5267036,2.118803,"['meant', 'twittering', 'quot', 'toilet', 'back', 'lordpov', 'cubicle', 'somewhere', 'add']"
4,0.022875348,1.1249413,"['aw', 'new', 'mine', 'holding', 'puppy', 'well', 'cutie']"
4,0.83045405,1.6176282,"['ijohn', 'proves', 'crotch', 'sleepin', 'kitteh', 'likes']"
4,1.678141,-1.7379187,"['dramabeats', 'agreed']"
4,0.16983448,1.7570083,"['find', 'bus', 'border', 'reaching', 'hour', 'amritsar', 'pm', 'wagah']"
4,0.546872,-0.6313997,"['let', 'famous', 'albinla', 'star', 'super', 'thinking', 'first', 'tonight', 'interview']"
4,-0.5827147,-1.5266409,"['time', 'family', 'spend', 'happy']"
4,-0.588697,-1.2098607,"['finally', 'didnt', 'going', 'bed', 'hills', 'tired', 'gonna', 'watch']"
4,0.19596344,0.6838438,"['craving', 'colada', 'slushie', 'throat', 'crazy', 'hurting', 'pina', 'banana', 'ooooohh', 'effing', 'got', 'tired']"
4,-1.2634565,0.7761885,"['deon', 'dong', 'upload', 'indowebster', 'di', 'banggggg']"
4,0.82851917,-0.9221418,"['enjoyed', 'wisdomous', 'glad', 'welcome']"
4,-0.29469708,0.79620534,"['hawaii', 'cuz', 'shellz', 'hahaha', 'wer', 'sheldawg', 'das', 'omg', 'rolll', 'laughin', 'hook', 'ryt']"
4,1.1410501,1.7158593,"['better', 'pookie', 'pray', 'feel', 'awww', 'bag', 'nurse', 'sickwiththepen']"
4,-0.43694764,-0.67238945,"['buddy', 'cuddle', 'new', 'found', 'yay']"
4,0.27022216,0.057160005,"['snob', 'life', 'quot', 'think', 'goes', 'tonight', 'first', 'met', 'bad', 'twitter']"
4,1.7612194,0.013207092,"['across', 'tomorrow', 'rehearsal', 'sleep', 'universe']"
4,-1.4737216,-0.62324494,"['dry', 'huh', 'potato', 'sweet', 'annabellee']"
4,0.3732014,0.15572518,"['knight', 'cannot', 'bus', 'loved', 'hi', 'jon', 'jonathanrknight', 'see', 'hope', 'great', 'cruise', 'well', 'hear', 'wait']"
4,2.6000752,0.15104356,"['phone', 'long', 'conversation', 'mom']"
4,-0.6305208,-0.036883425,"['say', 'yayyy', 'lol', 'requested', 'suitelifeofkell', 'herrr']"
4,-0.14520222,1.4462557,"['practicing', 'shoot', 'mannerisms', 'driving', 'probably', 'crazy', 'voices', 'upcoming', 'brock', 'lines', 'feature']"
4,0.26108408,0.19809897,"['cant', 'get', 'enough', 'new', 'going', 'go', 'moon', 'rd', 'time', 'twilight', 'read', 'series']"
4,0.23284484,0.12909728,"['diana', 'much', 'dont', 'tar', 'ncaa', 'woot', 'know', 'two', 'anniversary', 'today', 'heels', 'love', 'even', 'month', 'sooooooo', 'omg']"
4,0.93385655,-2.2263672,['bored']
4,-1.455989,0.26047885,"['asking', 'wallpaper', 'stevecla', 'square', 'red']"
4,2.5247328,-2.033901,"['keith', 'find', 'thanks', 'ihad', 'hill', 'already', 'response', 'answer']"
4,-0.38240883,-0.47287133,"['yeah', 'mello', 'cuz', 'noticed', 'pope', 'bb', 'well']"
4,0.015188886,1.1479961,"['inspired', 'thats', 'get', 'tryna']"
4,0.5667845,0.06604359,"['much', 'better', 'enough', 'get', 'workouts', 'early', 'kourtneykardash', 'night']"
4,0.20613077,0.15636086,"['austin', 'ass', 'ur', 'purple', 'woot', 'royal', 'see', 'ladygaga', 'love', 'annnd', 'well', 'hot', 'bob', 'wait', 'way', 'went', 'color']"
4,0.2522196,0.13569821,"['spike', 'body', 'quot', 'quotablebuffy', 'one', 'herder', 'songs', 'faith', 'faves', 'nerf', 'met', 'vivian', 'got', 'bunch', 'buffy']"
4,1.3303325,-1.3358996,"['gt', 'check', 'devunity', 'wallpaper']"
4,1.2269176,0.42048392,"['morning', 'tweetland', 'everyone', 'hope', 'long', 'day', 'great', 'ahead']"
4,0.15940867,1.8569146,"['friendster', 'pictures', 'uploading']"
4,-0.51936924,0.18536168,"['dont', 'thanks', 'aw', 'ct', 'days', 'love', 'ash', 'pic']"
4,1.0938143,-0.5249197,"['noodlebox', 'amanda', 'tonight']"
4,0.28463447,1.5504653,"['sorrry', 'avion', 'jonas', 'different', 'una', 'girlfriend', 'kevin', 'like', 'things']"
4,-1.2309256,1.1301423,"['singing', 'lsd', 'maybe', 'serious', 'hehe', 'whoa', 'like', 'lolol', 'fuzeb']"
4,0.2649261,-1.8080878,"['life', 'loving']"
4,-1.2652824,0.9326844,"['planet', 'says', 'best', 'sicilians', 'damn', 'love', 'apothecaryjeri', 'pizza']"
4,-0.38580602,1.6952862,"['yeah', 'gf', 'milk', 'loves', 'chocolate']"
4,0.42717814,1.7885605,"['going', 'mine', 'tomorrow', 'tour', 'sutter', 'old', 'creek']"
4,-0.05294478,-0.32392654,"['personally', 'look', 'coach', 'going', 'soon', 'become', 'strawberry', 'cho', 'like', 'bodycoach']"
4,2.2546232,0.9122113,"['little', 'side', 'earth', 'east', 'live', 'fish', 'mesa', 'losiento', 'guess']"
4,0.793629,-0.78307545,"['tryouts', 'paula', 'sore', 'apart', 'paige']"
4,-1.3655703,1.8256186,"['homo', 'go', 'days', 'test', 'physics', 'failed', 'keeen', 'holidays']"
4,-0.21544462,-0.53216314,"['improving', 'look', 'observed', 'update', 'looks', 'website', 'great', 'alexa', 'seems']"
4,-0.564651,-1.7030075,"['geeking', 'us', 'leiabox', 'totally', 'right', 'tell']"
4,0.5544778,-0.57067084,"['wherever', 'wish', 'work', 'go', 'theragingocean', 'kids', 'spacecowboy', 'whenever', 'either', 'bonjour', 'want']"
4,-2.0319467,-1.7340392,"['rebecca', 'goodnight']"
4,-1.3272763,0.3981721,"['weird', 'sick', 'brother', 'quite', 'lol']"
4,1.3958352,0.6105271,"['better', 'feel', 'hug', 'gives', 'hope', 'cookie', 'drdrew']"
4,0.5174723,0.3069186,"['hey', 'care', 'get', 'jon', 'jonathanrknight', 'rundown', 'hope', 'hugs', 'real', 'take', 'want']"
4,-1.1287016,-0.36606213,"['spelling', 'toilet', 'correct', 'wash', 'wrote', 'poor', 'highlighter', 'hardcore', 'wall']"
4,0.43930724,1.116214,"['sushi', 'dinner', 'meeting', 'good', 'tech', 'clubzone']"
4,-0.5224012,-0.36865506,"['mattgalloway', 'thanks', 'bro', 'rock', 'carlyrush', 'hook', 'suggesting']"
4,1.0121971,0.0007972105,"['depends', 'thought', 'go', 'one', 'jeffswarens', 'know', 'version', 'like']"
4,0.2783138,0.2386629,"['much', 'weak', 'cant', 'anyone', 'doesnt', 'turn', 'pretty', 'knobs', 'hand', 'yet', 'ashley', 'hurt', 'speak', 'still', 'like', 'punch']"
4,0.7444177,2.6081498,"['honey', 'lurkers', 'interesting']"
4,0.75903183,0.6332935,"['north', 'saravananp', 'ninage', 'moovarolage', 'mine', 'hithavaru', 'decide', 'aaru', 'need', 'vote', 'still', 'ee']"
4,0.20231424,0.17735691,"['um', 'get', 'baby', 'shit', 'trstfndbby', 'extra', 'bought', 'paid', 'koreans', 'tag', 'oach', 'quality', 'sewed', 'highest', 'real']"
4,2.0562017,-2.5506165,"['eating', 'topping', 'cream', 'ice', 'chocolate']"
4,0.7320712,1.9366688,"['crunches', 'iamdiddy', 'go', 'diddy', 'telling', 'finished', 'lets', 'step']"
4,0.3273619,2.3356495,"['guys', 'talk', 'know', 'daaang', 'long', 'yvonne', 'possible']"
4,-1.3349106,-0.11205623,"['mostly', 'jose', 'san', 'west', 'francisco', 'lauruy']"
4,-0.04102815,1.4807317,"['injury', 'knee', 'bike', 'ass', 'trying', 'working', 'good', 'recover', 'nikki']"
4,0.41445896,-0.07926719,"['help', 'let', 'marymayblood', 'would', 'know', 'sat', 'need', 'love', 'come', 'afternoon', 'unpack']"
4,-0.8027103,-0.4984171,"['team', 'lt', 'shenagians', 'awesome']"
4,0.5841472,0.21133934,"['getting', 'regret', 'work', 'probably', 'listening', 'back', 'gonna', 'chilling', 'music', 'till', 'kick', 'done']"
4,0.034187127,-0.63004965,"['attraction', 'think', 'timeless', 'step', 'law', 'study', 'program', 'wow', 'rich', 'grow', 'amazing']"
4,0.28902918,0.3139323,"['oh', 'better', 'week', 'glad', 'crazy', 'good', 'bittenbybooks', 'really', 'feeling', 'though', 'way']"
4,1.2312999,1.6000675,"['comes', 'chris', 'summer', 'days', 'home', 'till']"
4,-0.76065093,-0.1565289,"['yeah', 'ish', 'around', 'days', 'davidgideon']"
4,-1.2005547,1.2127068,"['drinking', 'one', 'therealjspace', 'first', 'tweet', 'lol', 'tell']"
4,-0.81252563,0.15524377,"['anne', 'kay', 'thanks']"
4,-2.107562,-1.7887099,['goodnight']
4,0.27146804,0.20957465,"['game', 'get', 'watched', 'going', 'anyone', 'years', 'sport', 'baseball', 'back', 'really', 'determined', 'since', 'interested']"
4,1.6802303,-0.12550378,"['sleep', 'beycah', 'becca', 'good']"
4,-0.558958,0.14708251,"['nkow', 'ur', 'next', 'ohhh', 'rite', 'home', 'missnappyboy', 'lexington', 'ky']"
4,0.18276109,0.15243596,"['beyonce', 'quot', 'one', 'movie', 'go', 'preview', 'crazy', 'broad', 'nuts', 'wow', 'obsessed', 'seen', 'seems']"
4,-0.90767,-1.1026139,"['easy', 'rider', 'fall', 'asleep', 'till']"
4,-0.3814477,0.6866648,"['broadcast', 'live', 'miketomalaris', 'excited', 'paris', 'roubaix']"
4,-1.24798,-1.0423111,"['much', 'missssssssss', 'moment', 'good', 'real']"
4,0.82822645,-0.63076293,"['without', 'people', 'jungle', 'know', 'two', 'gyms', 'home', 'survive', 'belliestobabies', 'winter']"
4,1.9509442,1.4243156,"['jaredleto', 'last', 'one', 'work', 'holidayholiday', 'started']"
4,1.7276082,-0.20742984,"['knighty', 'greek', 'knight', 'watchin']"
4,-0.40576735,-0.5113391,"['media', 'working', 'profile', 'client', 'room', 'love', 'design']"
4,-2.2493508,1.1086909,"['get', 'ass', 'yay', 'pretty', 'hahaha', 'sexy', 'stalk', 'greeks', 'lame']"
4,0.18465467,-1.2902716,"['lou', 'aww', 'thanks']"
4,0.29804897,0.23912956,"['ahh', 'another', 'school', 'tomorrow', 'kinda', 'nitey', 'yet', 'excited', 'good', 'first', 'everyone', 'day', 'nite', 'nervous', 'til']"
4,-2.2670207,1.2319353,"['planning', 'thinking']"
4,0.47337803,0.08970633,"['fb', 'enough', 'happier', 'go', 'tomorrow', 'store', 'good', 'time', 'check', 'hopin', 'sleep', 'whatever']"
4,0.9686671,1.3316332,"['mean', 'old', 'missvic', 'things']"
4,1.9589509,0.5461365,"['jimmyeatworld', 'listening', 'morning']"
4,1.725903,-1.0173535,"['urbanthai', 'thank']"
4,0.21906812,0.10627509,"['better', 'make', 'life', 'thanks', 'struggle', 'choices', 'yes', 'glad', 'pamfr', 'enjoyed', 'day', 'need', 'every', 'short', 'pam']"
4,0.6079104,-0.03440591,"['course', 'say', 'haha', 'tonight', 'late', 'jonathanrknight', 'reading', 'great', 'lot', 'hmm']"
4,-0.076318845,-1.564115,"['followers', 'times', 'almost', 'wow', 'guykawasaki', 'congrats']"
4,0.01294626,0.17301662,"['going', 'getting', 'thanks', 'around', 'updates', 'really', 'time', 'larrycarroll', 'wondering', 'screaming', 'nm']"
4,-0.61601335,-0.271558,"['cooool', 'freakin', 'haha', 'love', 'twitter', 'suitelifeofkell']"
4,1.7748679,0.63056904,"['much', 'care', 'wrong', 'caring', 'nothing', 'renda', 'maybe', 'try']"
4,1.2576774,-1.4339496,"['lauren', 'brissa', 'know', 'twitter', 'even']"
4,0.41029534,-0.848936,"['thought', 'story', 'love', 'great', 'jbrotherlove']"
4,0.7091718,-1.5829948,"['mirror', 'enbaldarlingg', 'looking']"
4,2.0094125,1.4404866,"['without', 'amandahesser', 'thanks', 'done']"
4,0.06737934,0.004111861,"['god', 'moment', 'general', 'thanks', 'neat', 'sharing', 'overitnow', 'public', 'twitter', 'spiritual', 'wow', 'apologize', 'lt']"
4,1.956526,1.9960821,"['days', 'ontario', 'leave']"
4,0.17552242,0.012472272,"['little', 'nephew', 'mo', 'growing', 'skype', 'japan', 'via', 'see', 'love', 'spoke', 'old', 'fam']"
4,0.41149026,-0.32555497,"['spoken', 'ahh', 'loser', 'someones', 'written', 'haha', 'saw', 'tell', 'sucks', 'got', 'mcfly', 'lissym']"
4,-0.3191224,1.5958822,"['kacimaureen', 'holy', 'laundry', 'woman']"
4,1.4272853,0.74725306,"['iamdiddy', 'go', 'trainer', 'back', 'got', 'hate']"
4,-2.5107052,-0.45987955,"['funny', 'lol', 'markhoppus', 'youÃ£Â¯Ã¢Â¿Ã¢Â½re', 'fucking']"
4,-1.1388023,-0.509292,"['touch', 'mine', 'working', 'setting', 'officially', 'today', 'ipod']"
4,-0.35395968,-0.7678712,"['yesterday', 'tvc', 'nikhilnarayanan', 'saw', 'worked']"
4,0.18541557,-1.6666034,"['say', 'fat', 'would', 'jon', 'mannies', 'totally', 'face', 'shut', 'could', 'peddies']"
4,0.7219086,-0.37953576,"['run', 'come', 'ever', 'hahaha', 'good', 'ideas', 'magopus', 'well', 'nominating', 'ones']"
4,0.56713885,-0.97547334,"['feels', 'friend', 'monday', 'beer', 'good', 'never', 'always', 'like', 'night']"
4,-0.4645834,1.4137291,"['hopeinhell', 'usually', 'follows', 'one']"
4,-0.9209764,-0.17821695,"['special', 'thanks']"
4,1.6430131,-0.7572847,"['lauren', 'something', 'rest', 'leak', 'tbs', 'good', 'luck', 'cast', 'wait']"
4,-0.5591185,0.30822927,"['among', 'stars', 'moon', 'shoot', 'land', 'even', 'miss']"
4,0.9342803,-0.15149015,"['johnhays', 'reason', 'vibrant', 'creative', 'entirely', 'need', 'agree', 'sleep', 'night', 'hmm']"
4,-0.43796358,1.5426217,"['izzakizza', 'holla', 'nada', 'hows', 'coming', 'tryna', 'mixtape']"
4,-0.22981107,0.776434,"['aussie', 'ali', 'much', 'get', 'makes', 'across', 'points', 'yep', 'easier']"
4,0.43565896,0.19275394,"['another', 'eyes', 'amoir', 'given', 'suppose', 'set', 'already', 'attention', 'hurt', 'snarkattack', 'scholarly', 'freezer', 'could', 'worthy']"
4,-8.546518,-81.11705,['cupcakes']
4,0.21221761,-0.15024854,"['using', 'favor', 'language', 'shit', 'think', 'english', 'purrplexa', 'entire', 'wonderful', 'thing', 'expletives', 'use']"
4,1.7146231,-0.103125505,"['mynameisgerard', 'saying', 'haha', 'maybe', 'try']"
4,0.2978104,0.28640065,"['raining', 'school', 'snowing', 'ago', 'sunny', 'next', 'back', 'days', 'today', 'outside', 'day', 'long', 'cold', 'walk', 'flippin']"
4,-1.1762679,2.216749,"['dough', 'ate', 'bed', 'raw', 'tub', 'must', 'kindred', 'cookie', 'spirits', 'sisterpatterson']"
4,0.3042546,0.10414061,"['thought', 'random', 'watched', 'dirty', 'movie', 'internet', 'song', 'agreed', 'jonathanrknight', 'nighty', 'dancing', 'great', 'like', 'night']"
4,1.4497772,-1.9226704,"['blooms', 'update', 'facebook', 'time', 'twitter', 'tweetdeck', 'use']"
4,-0.47891784,0.5864503,"['stars', 'awesome', 'dude', 'tweeting', 'firestoned', 'see', 'surprised', 'always']"
4,0.70203316,-0.39223713,"['try', 'go', 'night', 'bed', 'gonna', 'figure', 'nsastrasasmita']"
4,1.662543,-1.9479648,"['megan', 'fuck', 'llama', 'theatre', 'malcolm', 'lt', 'amazing', 'night']"
4,-62.24243,-37.22735,"['kayotae', 'martini']"
4,1.9320704,0.5500748,"['school', 'morning', 'happy', 'day', 'home', 'city', 'soo']"
4,0.8054447,2.0346699,"['moviess', 'spring', 'week', 'watching', 'break', 'day', 'everyday']"
4,-1.6692594,1.0499146,"['george', 'grandpa', 'quot', 'lopez', 'wants', 'ice', 'pushplaynick', 'beef', 'rulesss', 'chest']"
4,1.0217247,-0.26578268,"['easy', 'katieporrello', 'homey', 'katie', 'thank', 'club', 'speak', 'well', 'stellar', 'heading', 'take', 'night']"
4,-1.1036059,0.7801973,"['gone', 'def', 'paul', 'mary', 'fav', 'peter', 'flowers']"
4,-0.7834509,-1.5505956,"['hills', 'time', 'watch', 'shhhhhhhhhh']"
4,0.17805347,0.06068827,"['china', 'count', 'since', 'new', 'kids', 'website', 'love', 'views', 'alone', 'posting', 'hit', 'went', 'photos', 'way']"
4,0.29017857,0.24732566,"['oh', 'us', 'guys', 'excited', 'came', 'back', 'jon', 'jonathanrknight', 'real', 'put', 'appreciate']"
4,1.6433297,-0.98655593,"['everywhere', 'much', 'kiddin', 'pretty', 'thank', 'home', 'provided', 'lonelybob', 'broadband']"
4,0.97646904,-0.8102762,"['best', 'good', 'callin', 'workout', 'always', 'sleep', 'night']"
4,0.84933543,-1.5595357,"['infinitarchitek', 'pretty', 'feels', 'good']"
4,-0.031259317,1.8165455,"['anyway', 'bash', 'go', 'hash', 'stee']"
4,-0.30748877,0.958047,"['loltothepower', 'fringe', 'correction', 'badass', 'got']"
4,-0.62423813,-0.28004444,"['hows', 'upto', 'procoder', 'sure', 'hmmm', 'day']"
4,0.2770404,0.02651737,"['quot', 'looking', 'tv', 'ninasplayground', 'yrold', 'bn', 'caught', 'fun', 'kids', 'agree', 'got', 'cheating', 'reflection', 'christmas']"
4,-0.15832254,2.7009945,"['hair', 'blue']"
4,1.6042451,-0.9712003,"['bowser', 'words', 'thank', 'great', 'kind', 'wendy', 'night', 'appreciate']"
4,0.85920167,1.8720169,"['spring', 'stressing', 'break', 'days', 'test', 'math', 'uhhh', 'till']"
4,-1.7846895,0.44727236,"['driver', 'uh', 'designated', 'really', 'need', 'plus', 'mintcool', 'pch']"
4,-1.115199,0.8982594,"['chucklin', 'yen', 'ms', 'empressyen', 'bout', 'whatcha']"
4,0.49514472,-0.9867157,"['ijustine', 'place', 'awesome', 'work', 'gym']"
4,-0.15309218,-0.31242287,"['climbing', 'get', 'think', 'augustography', 'really', 'sining', 'need', 'hmmm', 'hills']"
4,-0.014799734,-2.4733822,"['game', 'unc']"
4,-0.57981247,-1.1594648,"['going', 'really', 'prepare', 'bed', 'tired', 'night']"
4,-1.8573962,-0.6009422,"['life', 'story', 'new', 'keyannaaa', 'include', 'fountain', 'magic']"
4,0.19165467,0.21114966,"['oh', 'little', 'course', 'trip', 'may', 'books', 'getting', 'boring', 'tomorrow', 'haha', 'trusty', 'lol', 'im', 'well', 'always', 'nervous', 'ipod']"
4,-0.65783405,-0.7295725,"['anastasia', 'going', 'laptop', 'fall', 'thinking', 'maybe', 'bed', 'asleep', 'put']"
4,0.038118724,-0.9459389,"['ur', 'ijustine', 'love', 'top']"
4,0.15408902,0.15336356,"['make', 'pushing', 'thanks', 'manual', 'money', 'boy', 'buzzing', 'twitter', 'pattidigh', 'still', 'boundaries', 'old', 'could', 'someone', 'sietar']"
4,0.3622175,0.23153324,"['help', 'get', 'aches', 'quot', 'chair', 'neck', 'waiting', 'back', 'good', 'arrive', 'terrible', 'swopper', 'yoshigi']"
4,-1.25153,0.15871838,"['yeah', 'thanks', 'juneaurock', 'definitely', 'downloading', 'hellz']"
4,0.81363773,-0.9355415,"['cute', 'stinkin']"
4,1.8250617,0.44000778,"['yet', 'soon', 'lyndeeezy', 'hahah']"
4,0.22999908,0.14846411,"['listed', 'nice', 'new', 'posts', 'blog', 'looks', 'happy', 'post', 'see', 'great', 'recent', 'design', 'together', 'popular']"
4,0.41786695,-1.3264897,"['much', 'common', 'friend', 'michaelgrainger']"
4,0.506482,0.09459385,"['find', 'better', 'mayer', 'would', 'wanna', 'dog', 'police', 'animals', 'ben', 'come', 'twit', 'save', 'call']"
4,0.20792,-0.4164097,"['mo', 'teka', 'eggs', 'knorr', 'nilagyan', 'mix', 'ung', 'ng', 'klaris', 'hehehe', 'pancakes', 'ulit', 'ba', 'seasoning', 'heaven']"
4,-2.1052449,-0.16736773,"['westneyrhindxx', 'westney', 'hello']"
4,0.8136954,-0.36491844,"['comparison', 'strokes', 'boring', 'pretty', 'night', 'tonight', 'well', 'whereiskevinn', 'experienced', 'seems']"
4,0.070032,1.0432352,"['jephjacques', 'draw', 'eyelashes', 'giraffe', 'love', 'way']"
4,-0.5206865,-0.021514084,"['reply', 'austin', 'switchitnow', 'thanks', 'bock', 'yes', 'ahhh', 'twitter', 'relive', 'shiner']"
4,1.5863919,0.37399954,"['holytshirt', 'glad', 'read']"
4,0.2863868,0.7107065,"['beautiful', 'feels', 'spring', 'finally', 'warm', 'outside', 'spent', 'like', 'weather', 'evening']"
4,-0.7962267,1.5835243,"['nighter', 'wit', 'pullin', 'madison', 'bffl']"
4,0.12204157,0.9432573,"['thanks', 'event', 'attractmode', 'great', 'putting', 'wait', 'sequels', 'inevitable']"
4,1.2197326,-0.22947636,"['find', 'doooo', 'hearing', 'know', 'hilarious', 'times', 'still', 'like', 'row']"
4,-72.24233,-29.950203,['thenub']
4,-0.6268947,-0.03356608,"['play', 'big', 'oaf', 'jimmycarr', 'piano']"
4,-2.2678337,0.05229315,"['tea', 'bitch', 'bryon']"
4,0.20184635,1.0946356,"['mattbraga', 'oh', 'stay', 'hand']"
4,2.3589218,0.16080336,"['help', 'get', 'mom', 'twitter', 'gonna']"
4,-0.4373659,2.0992265,"['lavsmohan', 'yup', 'entire', 'match', 'office', 'reached', 'late', 'saw']"
4,0.21531852,0.034608133,"['bored', 'going', 'tomorrow', 'working', 'harder', 'today', 'bb', 'prayers', 'love', 'bed', 'peace', 'night', 'blessings']"
4,0.61432457,1.4775224,"['trying', 'soon', 'back', 'deejay', 'boogie', 'ya', 'hope', 'beat', 'traffic']"
4,0.5218278,0.43751362,"['rain', 'india', 'new', 'would', 'years', 'third', 'wasnt', 'test', 'wins', 'day', 'final', 'zealand', 'series']"
4,-0.524493,0.49996147,"['side', 'road', 'concept', 'bike', 'ashvala', 'driving', 'madras', 'old', 'called', 'parking']"
4,0.7515359,-0.9061455,"['class', 'upstatement', 'apply']"
4,2.1978617,-0.57535964,"['reading', 'manga']"
4,0.041091174,-0.47872403,"['moment', 'seemed', 'thanks', 'bradmantv', 'songs', 'right', 'love', 'bring', 'show', 'joy']"
4,1.4911388,2.3891718,"['fool', 'adri', 'ackin', 'mane', 'please', 'niqqa', 'roflmao']"
4,3.3358028,-0.526937,['comeagainjen']
4,0.54340327,-0.47566825,"['also', 'wanted', 'vjl', 'pity', 'fyi', 'website', 'sure', 'check', 'knew', 'though', 'seems']"
4,0.27470273,-1.1349553,"['lindznicole', 'make', 'let', 'right']"
4,-1.2451433,-0.04232601,"['october', 'yesterday', 'update', 'websites', 'anything', 'lexi', 'went', 'professional']"
4,-1.1955876,-0.18878663,"['brown', 'thanks', 'club', 'tip', 'sam', 'rhonda']"
4,0.98215616,0.7892711,"['chill', 'nighttime', 'mornings', 'best', 'time', 'yep', 'kourtneykardash']"
4,-1.5761535,0.34895766,"['yay', 'pocketfulofme', 'hehe', 'twins']"
4,1.725903,-1.0173535,"['jolilore', 'thank']"
4,0.2052798,0.16957022,"['quot', 'awesome', 'one', 'finish', 'next', 'book', 'really', 'time', 'xd', 'possibly', 'knows', 'ember', 'bed', 'city', 'ones', 'read']"
4,0.7387007,0.31867447,"['died', 'would', 'actually', 'updated', 'back', 'keep', 'good', 'version', 'take', 'omg', 'drive']"
4,-32.21485,-61.1822,"['trugiaz', 'mate']"
4,0.8174202,-1.8159679,"['wanted', 'watched', 'movie', 'pretty', 'good', 'darn']"
4,-0.4735931,-0.04769926,"['neil', 'watched', 'playlist', 'pretty', 'nora', 'funny', 'home', 'got', 'nick']"
4,0.25707296,-0.08158789,"['idea', 'perfect', 'yes', 'ah', 'fun', 'time', 'twitter', 'theexclamation', 'wasting', 'venue', 'whining', 'seems']"
4,0.37487683,-2.0931308,"['yeah', 'man', 'hell', 'effin', 'donniewahlberg']"
4,0.20355542,-0.7954908,"['easy', 'make', 'life', 'people', 'dont', 'tools', 'roshnimo', 'lazy', 'try']"
4,-1.961442,-0.10348477,"['aiduong', 'oh', 'ai', 'goodness', 'friends', 'could', 'know', 'message', 'hello']"
4,0.7626107,0.4381184,"['parol', 'buy', 'go', 'tina', 'needs', 'money', 'itunes', 'song', 'everyone', 'got', 'thinks']"
4,1.0288348,-2.5616198,"['wait', 'vegas']"
4,3.1798809,0.44816437,"['hey', 'thedebbyryan', 'debby']"
4,-0.1460826,1.5742115,"['bowling', 'shit', 'one', 'six', 'holy', 'lol', 'sixty']"
4,0.864464,1.0709653,"['dbq', 'pain', 'dear', 'glad', 'done', 'asssss']"
4,1.1504233,-1.5906518,"['chatting', 'pretty', 'know', 'guy', 'bed', 'amazing', 'night']"
4,-0.3396014,-0.48150662,"['news', 'thanks', 'gsoc', 'lhawthorn', 'stalking', 'twitter', 'great', 'coincidence', 'feed']"
4,0.23215485,0.23741946,"['cross', 'buns', 'eggs', 'feel', 'aid', 'watching', 'easter', 'discovered', 'loves', 'egypt', 'prince', 'hot', 'like', 'meditations', 'crafts']"
4,0.15236005,0.37902492,"['get', 'one', 'back', 'thinking', 'nap', 'really', 'need', 'later', 'twitterpeeps']"
4,0.16062984,3.0085056,"['forward', 'trying', 'pay', 'figure', 'way']"
4,0.26193845,0.23832238,"['oh', 'may', 'buy', 'many', 'go', 'weeks', 'overdraft', 'nd', 'aswell', 'extend', 'today', 'time', 'twilight', 'dvd', 'gonna']"
4,2.1561046,-0.69475913,"['first', 'awww', 'twitter']"
4,1.1290009,0.78577876,"['simonbotes', 'like', 'glad']"
4,1.3833803,0.27583143,"['regret', 'woo', 'lightblue']"
4,-0.65506226,0.18642557,"['much', 'theaptour', 'thanks']"
4,1.9598036,2.5858912,['please']
4,0.12815014,-0.1105776,"['sad', 'one', 'sjs', 'haha', 'laughs', 'entirely', 'addicted', 'day', 'site', 'saw', 'endless']"
4,-0.5944524,0.37926677,"['thanks', 'heah', 'nuts', 'lolly', 'dying']"
4,-81.583435,12.217536,"['hey', 'life', 'quot', 'boring', 'blink', 'please', 'mark', 'know', 'song', 'really', 'markhoppus', 'tell', 'head', 'doubt', 'want', 'years']"
4,1.3105631,1.5673212,"['think', 'jordan', 'kelly', 'va', 'got']"
4,-1.9066277,-0.57049894,"['london', 'running', 'calling']"
4,0.32978594,0.17737198,"['girls', 'hahaa', 'xxxx', 'sun', 'cannot', 'tooo', 'eyyy', 'loved', 'time', 'day', 'bused', 'home', 'ace', 'darl', 'food', 'beaten']"
4,0.2934921,0.4123624,"['meant', 'hair', 'school', 'getting', 'cbf', 'soon', 'cut', 'lol', 'dancing', 'home', 'got']"
4,1.3910443,-0.77917266,"['wish', 'tomorrow', 'sleeeeeeeeeep', 'luck', 'interview']"
4,0.23498131,0.08556445,"['look', 'quot', 'new', 'sad', 'yesterday', 'movie', 'babs', 'underneith', 'transformer', 'shop', 'musik', 'like', 'entrance', 'awwh']"
4,-1.0288128,-1.0525366,"['lauredhel', 'lj', 'friended']"
4,2.0564542,-2.5509002,"['eating', 'cream', 'ice', 'heat', 'reduce']"
4,0.29871717,-0.31055328,"['game', 'beautiful', 'without', 'whats', 'diego', 'san', 'good', 'fight', 'wow', 'even']"
4,0.40827182,-0.5477274,"['media', 'new', 'structure', 'digitalhumanist', 'epistemographer', 'program', 'heavenly', 'phd', 'support', 'like', 'disciplinary', 'sounds']"
4,0.3555081,0.061549418,"['class', 'ahh', 'big', 'registration', 'tomorrow', 'next', 'two', 'goodnight', 'day', 'sem', 'twitterers', 'must', 'sleep', 'tests']"
4,-0.9908799,-2.1896417,"['claire', 'one', 'oxford', 'aisles', 'well', 'borders', 'tragic', 'brewer', 'seen']"
4,-1.6145179,0.25856814,"['esurance', 'carry', 'thornbek', 'hot', 'erin']"
4,0.34129474,-0.88009757,"['beleive', 'boobookittifukk', 'yet', 'sighting', 'hope', 'carpet', 'red']"
4,0.5293234,1.0690407,"['get', 'excited', 'fast', 'furious', 'cars']"
4,3.328241,-0.5197262,"['comeagainjen', 'jennifer']"
4,2.265301,-1.0102172,"['yay', 'homework', 'battle', 'betzitall', 'stress', 'great', 'staying', 'together', 'night', 'wall']"
4,0.26829204,-0.5305841,"['forgot', 'watched', 'grrrrr', 'funny', 'cosby', 'show', 'though', 'sleep', 'since']"
4,-1.033144,0.3394363,"['landrew', 'thanks', 'going', 'time', 'hehe', 'headline', 'incendiary']"
4,2.3067966,0.62857985,"['honeytech', 'morning', 'happy']"
4,-0.2716037,0.79668313,"['breakfasts', 'um', 'get', 'ready', 'cooked', 'sashakane', 'kids', 'need']"
4,0.9973594,-0.5352131,"['saad', 'time', 'right', 'late']"
4,-1.2113261,0.53253865,"['myk', 'buddy', 'thanks', 'hehe', 'high', 'fives']"
4,-0.29583797,0.7882947,"['incredible', 'made', 'committment', 'unison', 'agree', 'considering', 'sytycda', 'could', 'pressure', 'amazing']"
4,0.17375584,0.14035201,"['yeah', 'going', 'counted', 'drag', 'behave', 'times', 'today', 'lol', 'sure', 'cityrat', 'though', 'seems', 'tweets']"
4,2.6535776,-0.25370985,"['babiiesss', 'hahahaha', 'comeagainjen', 'wants', 'cooler']"
4,-1.4806072,1.6187483,"['heyyyyyy', 'lol', 'hook', 'reesh', 'want']"
4,0.13635986,1.1011062,"['ranch', 'comedy', 'night', 'back', 'house', 'saddle', 'boy']"
4,0.16805084,-0.03904931,"['grebel', 'last', 'undergrad', 'talent', 'first', 'today', 'time', 'exams', 'left', 'show', 'performed']"
4,-0.78929895,1.2970479,"['white', 'xshorty', 'lifex']"
4,-0.40376395,0.7998415,"['sama', 'belum', 'sarapan', 'client', 'haha', 'aja', 'disamperin', 'kok', 'rumah', 'udah', 'thesouthernstar', 'di']"
4,0.2903639,0.18275864,"['life', 'makes', 'reunion', 'new', 'happy', 'girl', 'jonathanrknight', 'embrace', 'kids', 'simple', 'like', 'extremely', 'things']"
4,0.8061807,-0.04442995,"['accountant', 'evidence', 'tomorrow', 'taxes', 'em', 'need', 'lapcat', 'even', 'send', 'oddly', 'though', 'referring', 'supporting']"
4,0.32986075,-0.032375477,"['gmic', 'wish', 'mmcallen', 'johanna', 'diego', 'san', 'meeting', 'already', 'said', 'spoke', 'great', 'could', 'sigh']"
4,-0.29431587,1.4174479,"['thanks', 'wonderful', 'portland', 'carrie', 'evening']"
4,2.2942502,0.48202553,"['yay', 'morning', 'sleep']"
4,-0.34461614,1.1314038,"['wal', 'excited', 'headed', 'mart', 'boxes', 'uber']"
4,1.3847191,-0.6985164,"['temporary', 'adulthood', 'scowls', 'lot', 'axisportals']"
4,-0.49735382,-0.46158463,"['melting', 'serendipity', 'movie', 'sweet', 'love', 'sighs']"
4,0.73412937,0.24300872,"['wake', 'ah', 'start', 'best', 'jon', 'jonathanrknight', 'tweet', 'thx', 'day', 'love']"
4,-0.14420243,2.228525,"['hair', 'inspiration', 'gt', 'dyeing', 'got']"
4,0.20601086,-1.7361976,"['account', 'around', 'created', 'looking']"
4,1.0132118,1.1453742,"['gunnna', 'amyg', 'things']"
4,0.7434863,2.7705023,"['far', 'interesting']"
4,0.42936262,0.046192717,"['hopefully', 'nearly', 'goes', 'tonight', 'posted', 'time', 'website', 'day', 'well', 'tweeted', 'night']"
4,0.93225753,1.0100847,"['time', 'long', 'good', 'craigsutton']"
4,0.052893914,1.0292782,"['seeing', 'buuren', 'excited', 'jizzin', 'tomorrow', 'van', 'thuquoc', 'pants', 'armin']"
4,1.8003781,-0.7559631,"['let', 'goes', 'good', 'know', 'luck', 'mehulbhuva']"
4,0.43019986,-0.042783294,"['ill', 'much', 'someday', 'peru', 'speechless', 'seriously', 'thank', 'tayswift', 'plz', 'forever', 'wait', 'come', 'amazing', 'congrats']"
4,-0.66214615,0.14646134,"['newborn', 'due', 'june', 'first', 'rogieking', 'congrats']"
4,-0.13606472,2.5797577,"['blue', 'dodgers', 'go', 'beat', 'padres']"
4,-0.55537033,0.5471445,"['phone', 'jbruin', 'updates', 'esp', 'lol', 'hit']"
4,0.45644796,0.25317216,"['smell', 'iowa', 'ever', 'glad', 'best', 'summer', 'back', 'hay', 'jonathanrknight', 'cutting', 'late', 'come', 'appreciate']"
4,0.29162702,-1.266304,"['game', 'life', 'happy', 'loving', 'bs', 'else', 'pjaficionado', 'everything', 'either', 'bonus', 'fun']"
4,2.2909184,-0.71455646,"['anything', 'awww', 'vuittonretarded']"
4,-2.0537438,-1.7072108,"['goodnight', 'mind']"
4,-0.28262594,1.5155053,"['oh', 'let', 'mistressathenax', 'surprise', 'lets']"
4,-0.5767141,-0.6555408,"['member', 'proud', 'future']"
4,0.6065658,1.4355824,"['stick', 'tattoo', 'usb', 'heyy', 'gift', 'donnie', 'got', 'pictures', 'miss']"
4,0.24940255,-0.21006756,"['game', 'better', 'quot', 'promo', 'drag', 'giant', 'original', 'tuck', 'song', 'nip', 'musicmonday', 'commercial', 'season', 'wicked']"
4,-1.3666264,0.9804706,"['overall', 'web', 'classroom', 'loved', 'wordahead', 'blog', 'post', 'fabulous']"
4,-0.5869982,0.0035281843,"['much', 'tommyruffin', 'following', 'twitter', 'espressowoman', 'luv']"
4,0.8149095,-1.6091992,"['kendallmassey', 'rocks', 'said', 'jclayville', 'tell']"
4,-0.638513,1.0145664,"['make', 'butler', 'something', 'happy', 'enjoy', 'gerry']"
4,-0.416,0.49809217,"['breakfast', 'church', 'baby', 'serving', 'easter', 'discovered', 'tonight', 'exciting', 'sure', 'suspect']"
4,13.240571,-76.024086,['tiandrance']
4,2.441943,0.56596315,"['yoavsegal', 'morning']"
4,-0.80816424,-1.4708285,"['twitter', 'finally', 'back']"
4,2.2069204,0.46892822,"['god', 'blessed', 'tonight', 'really', 'love', 'feeling', 'sho']"
4,1.2968551,0.15975922,"['buddy', 'see', 'wait', 'adamdexter']"
4,-0.55398864,0.5049012,"['last', 'joolz', 'thanks', 'brisbane', 'year', 'held', 'rogue', 'allan', 'soiree', 'photos']"
4,-0.6519708,-0.415745,"['dark', 'enjoy', 'post', 'within', 'link', 'chocolate']"
4,1.9987261,0.8882733,"['easy', 'something', 'know', 'time', 'chazdrums', 'answer']"
4,-0.32246843,0.926842,"['oh', 'god', 'looks', 'doggies', 'house', 'different', 'wow']"
4,0.94617605,0.42243662,"['sun', 'loved', 'working', 'ahhh', 'sunny', 'good', 'day', 'nose', 'burn']"
4,0.7978468,0.4887094,"['skim', 'keywords', 'last', 'quot', 'outlines', 'mean', 'online', 'semester', 'got', 'foamingbbq', 'read']"
4,-0.034326695,-0.12716325,"['ghods', 'net', 'utility', 'founding', 'yay', 'team', 'partner', 'first', 'excellent', 'love', 'box', 'sam', 'proud', 'building', 'business', 'dalecruse']"
4,0.30377418,0.16746084,"['st', 'many', 'feel', 'rock', 'glad', 'shows', 'good', 'tonight', 'jonathanrknight', 'hope', 'great', 'hear', 'night']"
4,0.47968754,0.61952406,"['oh', 'quot', 'bakula', 'anyone', 'tonight', 'chuck', 'else', 'catch', 'scott', 'boy']"
4,0.20344499,-0.16837786,"['media', 'trip', 'along', 'hearts', 'ms', 'ur', 'fatbellybella', 'best', 'badu', 'fret', 'guard', 'period', 'minds', 'true']"
4,2.4900715,-0.4476897,"['fixing', 'ahh', 'tedium', 'good', 'times', 'inventor', 'file', 'broken', 'links']"
4,3.2739215,0.42734095,['thedebbyryan']
4,-0.62567353,-0.99575454,"['make', 'laatina', 'mondays']"
4,0.23821689,0.09439069,"['try', 'going', 'past', 'tv', 'two', 'days', 'min', 'well', 'peepers', 'laying', 'watch', 'sleep', 'night', 'bed']"
4,-1.9696563,-1.681425,"['goodnight', 'officially', 'going', 'bed']"
4,0.28302065,-2.737939,"['painting', 'clothes']"
4,-0.30786294,0.8598892,"['brutha', 'yet', 'mutha', 'msaleem', 'lol', 'anotha']"
4,-1.2032564,-0.14457068,"['ryan', 'follow', 'ryanrossfanz', 'lt', 'uber']"
4,1.0031385,0.83948326,"['reply', 'close', 'one', 'eyes', 'jonathanrknight', 'hit', 'pick']"
4,-0.5304745,-1.3910763,"['family', 'thousands', 'across', 'ronashively', 'country', 'happy', 'connections', 'great', 'tell', 'academy']"
4,0.24261183,0.29749602,"['seeing', 'yeah', 'nice', 'ass', 'something', 'kno', 'haha', 'queenie', 'lol', 'drunk', 'hum', 'party', 'take', 'janets']"
4,-1.5580932,0.28088266,"['ankie', 'beginning', 'new', 'star', 'wonderful', 'card', 'nightcard', 'welcome']"
4,0.48162043,2.0950985,"['german', 'feels', 'sydney', 'bakeries', 'honey', 'loves', 'imported', 'home', 'like', 'together']"
4,-44.86609,-69.49966,['uncle']
4,1.0691665,-0.9841149,"['better', 'self', 'katiehayes', 'said', 'levon']"
4,-0.84827405,1.0018468,"['dmf', 'change', 'references', 'queen', 'name', 'understands', 'fiction', 'science', 'qoosfr', 'person', 'instead', 'obscure', 'cbn']"
4,-1.5760183,1.3373474,"['picnic', 'fabulous', 'dolfinfan']"
4,-0.02156712,2.069114,"['nyc', 'davejmatthews', 'back', 'welcome']"
4,-0.66832006,0.2355463,"['havent', 'friend', 'talk', 'best', 'sorry', 'replied', 'nashipear', 'talking']"
4,0.77745336,0.54971224,"['oh', 'buy', 'one', 'go', 'come', 'gonna', 'corinmcblide', 'ok']"
4,-1.3881327,-0.5658005,"['photoshoot', 'tafe', 'quiz', 'sezdawg']"
4,2.0885148,-0.7449236,"['challenge', 'luck', 'good', 'berofx']"
4,0.26432574,-2.5992908,"['oh', 'found', 'em', 'xd', 'love', 'clothes']"
4,2.5982594,1.403174,"['start', 'nights', 'rocking', 'gonna', 'neverwinter', 'doubt']"
4,-0.047845587,1.9407588,"['hair', 'gyal', 'kameelahwrites', 'phew']"
4,-1.3447254,-1.1793851,"['real', 'keepin']"
4,1.6041639,-1.6483226,"['lt', 'branded']"
4,0.5584884,1.0542626,"['pfers', 'nice', 'many', 'us', 'adding', 'see', 'fellow']"
4,-0.8242032,1.6899017,"['impossible', 'playing', 'drinking', 'munchkin', 'good', 'eat', 'time', 'park', 'latte', 'chriswolfe']"
4,-1.3863472,-0.60978806,"['site', 'momentbymoment', 'sure']"
4,1.8363125,-0.56951565,"['good', 'jonathanrknight', 'need', 'luck', 'cruise', 'gonna']"
4,0.49668863,1.0509322,"['cooking', 'tells', 'us', 'vegetables', 'glutenfreegirl', 'produces', 'neighbor', 'well', 'whatever']"
4,1.2329842,-0.3232857,"['today', 'cel', 'hi', 'milagro']"
4,1.8118618,0.6682299,"['goooooood', 'today', 'morning', 'chubbx']"
4,0.84458756,1.1077241,"['blame', 'good', 'brittyds', 'like', 'things']"
4,-0.54417527,0.39980587,"['darkknight', 'little', 'wednesday', 'think', 'oven', 'okay', 'pm']"
4,-0.16538785,-1.6064832,"['people', 'lotsa', 'lorigama', 'winks', 'excellent', 'hehe', 'loving']"
4,-0.30093208,0.3072043,"['planet', 'little', 'another', 'zhen', 'think', 'odd', 'jia', 'thing', 'like']"
4,0.25089452,-0.07790221,"['nice', 'yesterday', 'friend', 'talks', 'told', 'pay', 'sure', 'amidst', 'hear', 'got', 'recession', 'hike']"
4,1.450285,-1.9133127,"['using', 'windows', 'tweetdeck', 'temporarily']"
4,-0.5050944,0.39127222,"['shoedazzle', 'excited', 'selection', 'shoe', 'joined', 'society', 'kimkardashian', 'link', 'wait']"
4,0.9345638,0.6842712,"['robgokeemusic', 'made', 'going', 'stray', 'taken', 'know', 'sister', 'foreseen', 'pick', 'meetings']"
4,1.6302477,-0.7486669,"['us', 'direct', 'jonathanrknight', 'message', 'want', 'whatever']"
4,-31.672476,-72.67948,"['mars', 'thestars']"
4,0.26467884,1.0704504,"['strong', 'stats', 'week', 'starting', 'bad', 'submitted', 'challenge', 'fitness', 'night']"
4,2.2741735,-0.8964185,"['following', 'reason', 'com', 'facesbyrozzj', 'www']"
4,0.3403072,0.15612705,"['ym', 'past', 'missed', 'quite', 'days', 'busy', 'twitter', 'multiply', 'society', 'pet', 'use', 'internet', 'able']"
4,0.24708001,0.025185378,"['juz', 'must', 'power', 'hm', 'say', 'became', 'urs', 'ur', 'eps', 'mileycyrus', 'fan', 'lovin', 'humor', 'mucho', 'show', 'instantly', 'watchin']"
4,0.8973955,-1.9933343,"['wanted', 'bored', 'one', 'new', 'work', 'exactly', 'background', 'old']"
4,1.8803806,2.4808316,"['work', 'please', 'paragon', 'vote', 'lol']"
4,0.6752285,0.20882532,"['mrskutcher', 'morning', 'keep', 'different', 'time', 'see', 'forgetting', 'zone', 'pm', 'normal', 'tweets']"
4,0.59218776,0.44984195,"['mantia', 'youtube', 'work', 'something', 'snowing', 'mean', 'example', 'see', 'animation', 'video', 'curious']"
4,0.37916505,-1.7669972,"['therudetypist', 'invite', 'need', 'hunch']"
4,1.7703794,-0.33602247,"['jonathanrknight', 'thought', 'mac']"
4,1.316347,1.1897498,"['idea', 'help', 'jordan', 'jonathanrknight', 'maybe', 'answer', 'could']"
4,0.13117051,0.07081635,"['made', 'quot', 'friends', 'finally', 'animal', 'map', 'haha', 'love', 'like', 'panama']"
4,-21.65889,-78.402824,['manyas']
4,0.19672678,0.22488382,"['birds', 'one', 'us', 'gladly', 'ddlovato', 'house', 'join', 'two', 'squirrel', 'give', 'stone', 'kill', 'jenny']"
4,0.2725371,0.16950805,"['vocals', 'part', 'music', 'wanna', 'best', 'call', 'whichever', 'time', 'track', 'lol', 'bed', 'got', 'done']"
4,-0.5994517,0.18971705,"['wedding', 'sa', 'thanks', 'veil', 'abay', 'friend', 'tagalog', 'mau', 'part', 'kasal', 'entourage', 'carrying']"
4,-0.28870025,0.91363746,"['oh', 'sweat', 'morley', 'bern', 'sorry', 'petal', 'weather']"
4,-0.39035818,2.6210158,"['hey', 'today', 'dfizzy']"
4,-0.059226006,0.5820376,"['empty', 'anyone', 'trying', 'full', 'inbox', 'sorry', 'whoops', 'email', 'today', 'earlier']"
4,-0.19645835,0.10645512,"['dip', 'complaining', 'getting', 'tivon', 'chocolate', 'making', 'lol', 'sure', 'yoeyfreshier', 'wasnt', 'cleared']"
4,0.21143906,-0.20047183,"['life', 'quot', 'one', 'movie', 'mademoiselledee', 'got', 'freaky', 'like']"
4,1.7615106,-2.0585384,"['megan', 'hanging']"
4,-0.661753,-1.1798378,"['going', 'prep', 'tomorrow', 'early', 'cleveland', 'bed', 'interview']"
4,1.2770439,0.33259943,"['dogs', 'remedy', 'healthy', 'dog']"
4,-1.9590486,0.25272176,"['soma', 'sick', 'rocks']"
4,0.82120097,-2.0653024,"['bored', 'guys', 'edward', 'lol', 'yep', 'hunting', 'staceysoleil']"
4,1.1572424,-73.80718,"['heyyyyyyyyyyy', 'victoriaerin']"
4,0.7686241,-0.40908343,"['philosophy', 'blah', 'myspace', 'listening', 'aka', 'facebook', 'math', 'twitter', 'music', 'lt', 'studying']"
4,0.5234832,0.5019957,"['yr', 'earth', 'got', 'jonathanrknight', 'everyone', 'gift', 'lastnight', 'donnie', 'answer', 'old', 'ask', 'way']"
4,-0.59718895,-0.45555755,"['year', 'browser', 'first', 'time', 'psp']"
4,2.1233194,-0.78971034,"['luck', 'aparajuli', 'good']"
4,-0.3730419,-2.3169208,"['game', 'glad', 'first', 'angels', 'season']"
4,-0.81221277,2.8072598,"['continued', 'success', 'absolutely', 'misstoriblack', 'doubt']"
4,2.0177026,1.7569745,"['another', 'go', 'office', 'days', 'day']"
4,0.4698019,1.1533912,"['yeah', 'nice', 'wish', 'afford', 'mattimassacre', 'could', 'things']"
4,0.7900603,0.5486852,"['loic', 'get', 'friends', 'see', 'long', 'take', 'want']"
4,-0.15035899,1.8175013,"['regarding', 'ever', 'cartoon', 'uploading', 'newspaper', 'greatest', 'twitter']"
4,0.672788,1.055378,"['idea', 'ford', 'levimorales', 'liked', 'glad', 'good', 'every', 'henry']"
4,-2.2942338,-0.02685495,"['update', 'studying', 'friends']"
4,0.7723973,0.7949978,"['everythings', 'going', 'guys', 'glad', 'good', 'piercethevic', 'im']"
4,1.9133061,0.51262814,"['jonathanrknight', 'worry', 'happy']"
4,0.35713273,0.2858247,"['suplada', 'uk', 'enough', 'us', 'get', 'might', 'japan', 'fr', 'slow', 'desperate', 'stuff', 'headphones', 'tita', 'jac']"
4,0.03401141,1.8493382,"['nyc', 'saturday', 'eddieizzard', 'week', 'next', 'happen', 'gigs', 'still', 'friday']"
4,-0.16491263,-1.9287235,"['gr', 'baby', 'harris', 'ty', 'soon', 'Ã£Â¯Ã¢Â¿Ã¢Â½', 'tonight', 'emmylou', 'fl', 'upload']"
4,-0.024422752,-0.04370692,"['make', 'cuz', 'hand', 'gona', 'cheeck', 'thiss', 'boy', 'threw', 'im', 'marvelous', 'weeeek', 'hoow', 'idk']"
4,-0.043544527,-0.44462666,"['dont', 'fall', 'tomorrow', 'seven', 'pounds', 'watching', 'aftermidnightproject', 'mom', 'hope', 'asleep']"
4,-0.27716526,-0.3258436,"['capones', 'awesome', 'work', 'jennmae', 'around', 'puppy', 'home', 'take']"
4,0.31486323,-1.1190077,"['photo', 'nerdist', 'vegas']"
4,0.98411244,-1.773129,"['yeah', 'elissakim', 'day', 'opening']"
4,1.3532931,0.6088916,"['look', 'iamdiddy', 'feel', 'working', 'good', 'major', 'results', 'hate']"
4,-0.7828362,-0.6318844,"['team', 'fmsquatro', 'al']"
4,1.748932,1.2331363,"['really', 'day', 'good', 'shoppping']"
4,1.4749032,1.2526648,"['hope', 'kamy', 'works', 'ok']"
4,-1.04042,-1.5074075,"['sweet', 'dreamz', 'night', 'good']"
4,1.090375,0.92774326,"['scentsational', 'hope', 'get', 'dissed']"
4,0.48008525,-1.5723208,"['invite', 'twitter', 'people']"
4,0.33281314,0.24946491,"['big', 'enough', 'news', 'friends', 'new', 'bluestreak', 'coming', 'soon', 'works', 'good', 'project', 'jasonandjodie']"
4,1.3452442,0.41623402,"['yeah', 'cookrn', 'rockin', 'day', 'woohoo', 'core', 'hard']"
4,1.918451,0.8850264,"['hey', 'counts', 'jon', 'jonathanrknight', 'ya', 'love', 'understand']"
4,0.2969392,0.11218642,"['internship', 'place', 'stay', 'ive', 'yet', 'teaneck', 'back', 'time', 'luck', 'imalcolmjames', 'utah', 'heading', 'got', 'spend']"
4,-1.6673244,-0.58082056,"['without', 'feet', 'make', 'heh', 'bed', 'tripping', 'running', 'wall']"
4,0.3965704,0.99332786,"['using', 'week', 'pretty', 'mayhemstudios', 'yes', 'happy', 'result']"
4,0.9790613,-2.22774,"['larryczerwonka', 'exactly']"
4,1.2285174,0.8606547,"['stay', 'wake', 'wonder', 'pass', 'long']"
4,0.2609095,-1.1067957,"['doctor', 'let', 'wisdom', 'words', 'dub', 'caffeine', 'alcohol', 'great', 'tell', 'donniewahlberg']"
4,1.1808277,-0.03289125,"['knight', 'good', 'know', 'jonathanrknight', 'well', 'sleep']"
4,-0.017299604,-2.3352988,"['unc', 'champs', 'national', 'exhausted', 'glad', 'become', 'see', 'got']"
4,-0.5309761,0.24121943,"['thought', 'going', 'centrelink', 'bad', 'wasnt']"
4,1.5881053,1.4920555,"['davesjessica', 'want', 'way']"
4,-0.40723556,-0.504204,"['excited', 'hella', 'italian', 'cuz']"
4,-0.29286537,1.4170798,"['ram', 'opterons', 'research', 'machine', 'gigs', 'access', 'love', 'quad', 'core', 'bit']"
4,2.4334502,0.44443208,"['time', 'exhausting', 'day', 'quick']"
4,-1.4835582,1.9053603,"['jasmine', 'bohdi', 'holidays']"
4,0.7916511,0.37147513,"['hey', 'pfspleen', 'dreams', 'strange', 'last', 'dreamin', 'means', 'morning', 'good', 'sleepin', 'night']"
4,0.024602208,1.1013252,"['wooot', 'going', 'trampoine', 'outside', 'jump']"
4,0.18479812,0.072722375,"['finals', 'made', 'sophieveronica', 'cross', 'cool', 'country', 'yay', 'ps', 'sophie', 'rad', 'mates', 'today', 'love', 'everythins', 'lt']"
4,-1.8206614,0.9991393,"['huntersmama', 'thing', 'lol', 'thinking']"
4,0.51955384,0.27928954,"['listen', 'reply', 'feel', 'us', 'talk', 'back', 'happy', 'expect', 'none', 'jonathanrknight', 'pressured', 'able']"
4,0.23118861,0.15682465,"['oh', 'quot', 'movie', 'gotta', 'tho', 'suai', 'list', 'back', 'good', 'shooter', 'put', 'watch', 'seen']"
4,0.219514,0.0135017745,"['fb', 'spoken', 'better', 'ur', 'fire', 'hope', 'twitter', 'feelin', 'right', 'tell', 'love', 'great', 'donniewahlberg', 'night']"
4,0.30497727,0.11970521,"['trip', 'morn', 'bc', 'workouts', 'air', 'ha', 'keeping', 'fun', 'mexico', 'love', 'kourtneykardash', 'late', 'show', 'gonna', 'sleep', 'hate']"
4,0.42821586,0.37671944,"['dress', 'feel', 'new', 'somewhat', 'break', 'coming', 'pad', 'time', 'artistic', 'sketching', 'feeling', 'design']"
4,1.3118767,0.38537586,"['listening', 'mary', 'shinka', 'go']"
4,26.432465,-71.288025,['theashball']
4,-0.0933351,-0.75398725,"['nodame', 'think', 'classical', 'love', 'music', 'lt', 'falling', 'cantabile']"
4,-0.5192737,-0.10286433,"['going', 'skinny', 'ordered', 'balls', 'copy', 'canary', 'jeans', 'deep', 'love', 'underground', 'hardcore']"
4,0.25047353,0.66297287,"['chicken', 'noodle', 'also', 'kariegli', 'something', 'dinner', 'week', 'menu', 'cheese', 'soup', 'pasta', 'markegli']"
4,1.15789,-0.68405753,"['come', 'jersey', 'new']"
4,1.5406029,-2.044301,['facebook']
4,0.37063095,1.0906904,"['quote', 'nice', 'draw', 'good', 'vonster', 'like', 'point', 'though']"
4,-2.05356,-1.757554,"['croconaw', 'goodnight']"
4,1.0109551,-1.1660817,"['cross', 'one', 'favorites', 'lead', 'job', 'great', 'danielkirkley']"
4,0.26599947,0.11310197,"['starbucks', 'st', 'one', 'tried', 'lemonade', 'back', 'good', 'tea', 'already', 'gg', 'got', 'miss']"
4,-0.78929895,1.2970479,"['pow', 'oops', 'boom']"
4,0.81711775,-1.2684697,"['diva', 'stupid', 'super', 'university', 'red']"
4,-0.8852911,0.8600502,"['awesome', 'full', 'latest', 'episode', 'newnownext', 'like']"
4,0.59243554,0.4833322,"['remember', 'going', 'one', 'alright', 'faith', 'end', 'day', 'want', 'things']"
4,0.15310046,0.0502495,"['thanks', 'work', 'pbnjen', 'excited', 'rock', 'would', 'tour', 'making', 'love', 'great', 'even', 'pr']"
4,0.4312683,-2.095578,"['man', 'know', 'joy', 'give', 'donniewahlberg', 'amazing', 'lucky', 'years']"
4,1.1530677,-0.99989825,"['dictionary', 'vocabulary', 'visual', 'tothepc', 'check', 'come', 'fun']"
4,0.39769694,1.1295483,"['lady', 'kinda', 'needed', 'artistic', 'drunk', 'affirmation']"
4,0.49964696,0.31027982,"['tomorrow', 'morning', 'early', 'honey', 'really', 'goodnight', 'busy', 'day', 'later', 'catch']"
4,-1.1064166,-0.24034123,"['kakÃ£Â¯Ã¢Â¿Ã¢Â½en', 'je', 'od', 'rip', 'link', 'trenutek', 'resnice']"
4,-0.067143895,0.9355884,"['buttered', 'dinner', 'lamb', 'yum', 'tonight', 'rolls', 'hhhmmm', 'chowmein', 'roasted', 'slightly', 'hungry']"
4,-1.0202677,0.6809529,"['new', 'sony', 'tweeting', 'brand', 'psp']"
4,-1.4216038,0.61992455,"['hey', 'awesome', 'go', 'mussomitchel', 'brother', 'tour', 'metro', 'sometime', 'station', 'freakin']"
4,0.41446227,0.2323272,"['tweeps', 'get', 'go', 'shower', 'gotta', 'good', 'bye', 'everyone', 'im', 'well', 'haircut']"
4,-0.572757,-0.114601664,"['flickr', 'awesome', 'wonderful', 'love', 'fallen', 'juliaroy', 'seen']"
4,-0.6310539,0.6498362,"['made', 'khan', 'wrath', 'sorry', 'danielc']"
4,0.3921926,1.1133809,"['ahahah', 'doom', 'good', 'juggernaut', 'today', 'magneto', 'xavier', 'day', 'dr']"
4,0.23585762,0.12834954,"['get', 'star', 'jay', 'next', 'vicky', 'reciting', 'time', 'need', 'ricardooooo', 'geek', 'wars', 'tahoe', 'miss']"
4,-0.058980774,-1.2437872,"['make', 'blush', 'dont', 'aww']"
4,0.16276182,3.1061542,"['trying', 'thing', 'figure']"
4,0.21568288,2.705367,"['quot', 'watching', 'wesley', 'princess', 'bride', 'want']"
4,1.0465333,1.1237974,"['buy', 'terwillegar', 'fiances', 'lisaholmes', 'duplex']"
4,-1.4122081,1.5025855,"['apleaforaaron', 'smoked', 'yum', 'cheese', 'really', 'eat', 'austrian', 'hankering', 'could']"
4,0.054399893,-0.9684042,"['jealous', 'ddlovato', 'girl', 'fun', 'fucking', 'though', 'xxx']"
4,2.274762,0.8996464,"['go', 'named', 'name', 'bunnys', 'lmao', 'ahead', 'guess', 'lucy', 'thastevieg']"
4,-0.22198355,0.9117025,"['guys', 'iphone', 'yet', 'os', 'updates', 'pixelpipe', 'miss']"
4,0.047778726,-0.8654196,"['love', 'denise']"
0,0.6338563,-0.26815683,"['also', 'texting', 'school', 'upset', 'blah', 'update', 'might', 'facebook', 'cry', 'today', 'result']"
0,0.24658056,1.0471362,"['many', 'go', 'dived', 'rest', 'bounds', 'managed', 'times', 'ball', 'kenichan', 'save']"
0,-0.11962767,-2.3263412,"['feels', 'body', 'whole', 'like', 'fire', 'itchy']"
0,1.2802444,-0.9296454,"['behaving', 'mad', 'see', 'nationwideclass']"
0,-0.16000095,-2.4763556,"['kwesidei', 'crew', 'whole']"
0,3.0307431,-1.6559765,"['need', 'hug']"
0,0.20416486,0.24769622,"['hey', 'thanks', 'rains', 'loltrish', 'yes', 'time', 'see', 'long', 'bit', 'lol', 'fine']"
0,1.2178128,2.8100471,"['nope', 'tatiana']"
0,-0.78929895,1.2970479,"['que', 'twittera', 'muera']"
0,0.95731455,2.2071607,"['spring', 'snowing', 'plain', 'break', 'city']"
0,-43.587353,-56.75859,"['pierced', 'ears']"
0,-0.97089046,-0.5734419,"['caregiving', 'thought', 'bear', 'embarrassing', 'ua', 'watch', 'loss']"
0,-0.3380564,-1.4724636,"['counts', 'talk', 'never', 'octolinz', 'anymore', 'either', 'idk']"
0,-0.544863,1.8986644,"['doucheclown', 'snyder', 'would', 'smarrison', 'first', 'really', 'zac', 'gun', 'though']"
0,-0.12930591,-0.83362013,"['iamlilnicki', 'wish', 'iamjazzyfizzle', 'got', 'watch', 'premiere', 'miss']"
0,-0.87687707,0.84652054,"['cut', 'scene', 'hollis', 'hurt', 'wry', 'death', 'directors', 'film', 'watch', 'severely']"
0,2.5900533,-0.49446842,"['file', 'taxes']"
0,0.5639718,-1.486313,"['soundtrack', 'ahh', 'wanted', 'ive', 'lettya', 'rent', 'see', 'love', 'always']"
0,-0.76012313,1.3997802,"['oh', 'forgotten', 'drinking', 'dear', 'fakerpattypattz', 'table', 'drinks']"
0,2.0453534,1.2877432,"['much', 'get', 'day', 'alydesigns', 'done']"
0,0.4872965,-0.4334412,"['one', 'friend', 'meet', 'mid', 'today', 'time', 'valley', 'asked', 'sigh', 'called']"
0,-0.7962267,1.5835243,"['baked', 'cake', 'ated', 'angry', 'barista']"
0,0.49555638,1.5268883,"['week', 'going', 'hoped']"
0,1.2894233,-0.6853502,"['tomorrow', 'class', 'blagh']"
0,2.3357606,0.031214923,"['wake', 'people', 'call', 'hate']"
0,1.7806544,-0.10034791,"['going', 'marley', 'watching', 'cry', 'sleep']"
0,1.0789891,-0.651236,"['miss', 'im', 'lilly', 'sad']"
0,0.11584583,1.0842156,"['get', 'leslie', 'mad', 'lol', 'ooooh', 'ok']"
0,-0.058639444,-1.5044676,"['lover', 'depressed', 'gets', 'exception', 'track', 'time', 'almost', 'meh', 'every']"
0,-0.058178414,-1.7242353,"['account', 'make', 'new', 'one', 'hacked', 'aim']"
0,0.31771508,0.20965743,"['promote', 'groove', 'may', 'going', 'one', 'go', 'anaheim', 'alielayus', 'gear', 'ride', 'though', 'want', 'unfornately']"
0,1.4829032,0.3696387,"['thought', 'work', 'tomorrow', 'morning', 'option', 'sleeping', 'afternoon', 'evaluations', 'realizing']"
0,-0.22623989,-0.7210888,"['julieebaby', 'awe', 'love', 'miss']"
0,1.5548416,-0.1647027,"['asian', 'eyes', 'humpninja', 'cry', 'sleep', 'night']"
0,0.19994663,0.28642395,"['shower', 'sick', 'cause', 'held', 'champ', 'sitting', 'back', 'puke', 'hour', 'stand', 'spent', 'bed', 'like', 'ok']"
0,0.34728462,0.06594746,"['three', 'ill', 'story', 'hours', 'good', 'tell', 'cocomix', 'ya', 'later', 'day', 'workin', 'like']"
0,-0.7922763,-0.1267964,"['came', 'gmt', 'sorry', 'time', 'bed', 'missxu']"
0,0.61412925,-0.64128125,"['think', 'fleurylis', 'know', 'kids', 'even', 'depressing', 'either', 'suitcases', 'want']"
0,0.4552477,-0.24456355,"['class', 'another', 'work', 'day', 'fly', 'girlfriend', 'bed', 'gonna', 'gym', 'miss']"
0,0.43721306,0.27537423,"['feel', 'getting', 'tomorrows', 'really', 'today', 'study', 'practical', 'exam', 'got', 'like']"
0,-0.102219164,2.1530943,"['enough', 'reason', 'one', 'heart', 'break', 'guitar', 'teardrops']"
0,0.9243711,-0.005988956,"['sad', 'wanna', 'know', 'still', 'feeling', 'sleep', 'hate']"
0,0.4532603,-0.004115116,"['finally', 'wish', 'sad', 'missed', 'jonathanrknight', 'see', 'awww', 'im', 'soo', 'comfortable']"
0,-0.105115876,-0.59533596,"['family', 'body', 'sad', 'found', 'heart', 'heard', 'girl', 'breaks', 'tracy', 'asleep', 'falling']"
0,-0.3004886,-0.54060215,"['also', 'means', 'yay', 'happy', 'viennah', 'job', 'time', 'less']"
0,0.7947749,-0.19997475,"['ppl', 'happening', 'bgs', 'twanking', 'checked', 'looks', 'user', 'probs', 'uids', 'still', 'like', 'timeline', 'blackberry']"
0,-0.46835917,0.460778,"['oh', 'wear', 'ironing', 'burnt', 'jeancjumbe', 'fave', 'man', 'meeting', 'top']"
0,1.247923,-0.3676844,"['breaking', 'sad', 'lilo', 'samro', 'strangely']"
0,-2.0608373,0.10548973,"['oh', 'think', 'sorry', 'retweeting', 'tea']"
0,2.0295265,-0.7742037,"['massive', 'tautao', 'waiting', 'via', 'diigo', 'plan', 'com', 'broken', 'still', 'promise', 'www', 'broadband']"
0,0.6504048,0.071518645,"['tons', 'may', 'friends', 'localtweeps', 'replies', 'see', 'scrolling', 'wow', 'lot', 'feed', 'unfollow', 'tweets']"
0,0.14885496,2.1079829,"['chicken', 'taking', 'duck', 'wayyy', 'long', 'hatch']"
0,-0.23277222,-0.2315575,"['crashed', 'ago', 'yrs', 'online', 'pc', 'name', 'forget', 'site', 'put', 'vacation', 'photos']"
0,3.0307424,-1.6559759,"['need', 'hug']"
0,0.12051403,0.17065938,"['much', 'assets', 'dont', 'trade', 'think', 'sorry', 'company', 'andywana', 'pos', 'sure', 'andy', 'away', 'want']"
0,1.577932,-0.26616526,"['oanhlove', 'happens', 'hate']"
0,0.23517497,0.122272246,"['game', 'say', 'dallas', 'going', 'sad', 'would', 'think', 'gotta', 'feeling', 'shows', 'mmm', 'use', 'music', 'show', 'though']"
0,2.0344632,0.2760078,"['tomorrow', 'degrees', 'ugh']"
0,0.41448027,-0.10432484,"['thought', 'random', 'found', 'glad', 'move', 'yer', 'already', 'sd', 'hmmm', 'well', 'hear']"
0,-1.231372,0.4417815,"['commission', 'batmanyng', 'playing', 'copped', 'ps', 'blood', 'wutcha', 'sand', 'miss']"
0,1.3569795,-0.7972984,"['parking', 'leaving', 'lot', 'work']"
0,-1.0223019,-2.259315,"['cool', 'life']"
0,-1.0566965,-0.72772616,"['experience', 'cigarette', 'post', 'never', 'coitus', 'gotten', 'sadly', 'though']"
0,1.3864045,1.238441,"['comes', 'rain', 'nice', 'tomorrow', 'bad', 'day']"
0,0.18068294,0.20273736,"['phone', 'starrbby', 'shucks', 'aw', 'bill', 'around', 'lost', 'job', 'bad', 'pay', 'lmao', 'even']"
0,1.688552,0.79722744,"['tomorrow', 'school', 'back', 'damm']"
0,-0.5515769,0.36673963,"['mo', 'money', 'hour', 'hell', 'min', 'clams', 'wage', 'jobs']"
0,1.6380879,-0.083913215,"['see', 'soon', 'katortiz', 'forever']"
0,1.5904155,-1.6195482,"['failwhale', 'lt', 'algonquin', 'agreed', 'today', 'day', 'saw', 'allllll']"
0,0.13716248,0.23858444,"['oh', 'hey', 'look', 'added', 'says', 'dont', 'em', 'dude', 'sorry', 'haha', 'pop', 'really', 'need', 'jdarter', 'terrible', 'unless', 'someone']"
0,-0.40570775,-0.35722193,"['start', 'working', 'nikster', 'need', 'sure', 'right', 'ninjen', 'jared', 'least']"
0,1.1440971,1.8884692,"['people', 'diss', 'ugly', 'bands', 'trace', 'hate', 'really', 'clearly']"
0,0.43907052,-0.2045192,"['girls', 'black', 'singlet', 'run', 'gym', 'shoes', 'attire', 'leather', 'adidas', 'shorts', 'today', 'puma', 'socks', 'cute', 'business', 'lucky']"
0,-0.5730284,-2.3077307,"['location', 'show']"
0,-1.3807775,1.3042994,"['phone', 'picnic', 'citrus', 'like', 'smells']"
0,1.2842317,-0.8588674,"['ashleyac', 'awol', 'sensitive', 'glad', 'nevertheless', 'donkey', 'see', 'asap', 'still', 'mug', 'comments', 'charger']"
0,0.3829227,-1.0472803,"['fml', 'csi', 'new', 'tonight']"
0,-1.1880534,1.710715,"['think', 'tennis', 'arms', 'sore']"
0,-0.57627153,0.09459472,"['much', 'wonders', 'depressed', 'make', 'seccond', 'unhappy', 'split', 'like', 'someone']"
0,1.1311064,0.010217817,"['saying', 'tomorrow', 'soon', 'bye', 'hate', 'see', 'sleep', 'night']"
0,0.44088534,-0.1652002,"['newsletter', 'booked', 'ur', 'shame', 'fares', 'mine', 'paid', 'already', 'really', 'statravelau', 'unbelievable', 'got']"
0,0.79846174,-2.6930444,"['missin', 'boo']"
0,-14.0949545,-68.64317,"['itm', 'markhardy']"
0,2.417795,-0.21712428,"['chalk', 'useless', 'chalkboard', 'damn']"
0,-1.284831,2.4112883,"['getty', 'sore', 'getting', 'villa', 'throat', 'blast', 'worse', 'day', 'hates']"
0,2.205039,1.2166524,"['hey', 'sup', 'mama', 'missed', 'meeting', 'ya', 'msdrama']"
0,0.12483972,0.88974345,"['get', 'hurts', 'smoking', 'hypnosis', 'working', 'wonder', 'tummy', 'stop', 'anything']"
0,0.514361,-1.7232845,"['always', 'ones', 'fat']"
0,-0.5860879,-0.13464667,"['annoys', 'evil', 'babe', 'muahaha', 'sorry', 'thankfully', 'right', 'laugh', 'januarycrimson', 'asleep', 'fam']"
0,-0.52063996,-0.25649455,"['class', 'hollywoodheat', 'undergrad', 'paid', 'attention', 'webpage', 'covered', 'photoshop', 'design']"
0,3.5280547,-0.25856254,"['wednesday', 'day', 'know']"
0,-0.80140907,-1.4528462,"['hills', 'poor', 'cameron']"
0,0.47862664,0.44566396,"['threatening', 'st', 'pray', 'headache', 'jerk', 'babies', 'please', 'start', 'sh', 'party', 'still', 'birthday', 'ex']"
0,0.45772374,0.46603027,"['makeherfamous', 'find', 'problems', 'ulike', 'constants', 'think', 'hmm', 'really', 'enjoy', 'someone', 'things']"
0,-1.3623763,0.050341196,"['puppy', 'little', 'sick', 'strider']"
0,0.2514306,0.22032261,"['much', 'go', 'steve', 'easter', 'wana', 'grace', 'wnt', 'rylee', 'well', 'sadly', 'party', 'ohh', 'since', 'able']"
0,-0.29212832,2.162211,"['hey', 'one', 'bracket', 'actually', 'money', 'bad', 'pools']"
0,0.6624749,-1.3566978,"['follow', 'stark', 'either', 'work']"
0,0.6325918,1.0523069,"['teams', 'astros', 'good', 'lose', 'bad', 'favorite', 'nite', 'spartans']"
0,-0.44803292,-0.97221684,"['remains', 'body', 'found', 'girl', 'northern', 'california', 'police', 'calif', 'missing']"
0,0.49029455,0.2702155,"['pain', 'hours', 'mangaaa', 'yesterday', 'times', 'capacity', 'increase', 'fast', 'hope', 'got', 'whale', 'fail']"
0,0.0010868966,-1.6103657,"['behind', 'classes', 'work']"
0,0.19448659,2.711879,"['watching', 'quot', 'house']"
0,-0.94242555,1.3706983,"['remember', 'back', 'time', 'serious', 'leg', 'strikes', 'kpreyes', 'bum']"
0,-1.3606118,-0.15217568,"['cool', 'laptop', 'recalls', 'complaints', 'paradisej', 'kinds', 'online', 'overheating']"
0,0.7272028,1.0471478,"['new', 'misses', 'glad', 'mommy', 'job', 'training', 'emily', 'done']"
0,-0.02841043,-0.12932745,"['would', 'mixed', 'year', 'rd', 'first', 'rather', 'bad', 'party', 'send', 'ones', 'messages', 'sophmore']"
0,2.695258,1.7892255,"['henkuyinepu', 'overrated']"
0,-0.08346216,-1.4776852,"['behind', 'moscow', 'marykatherine', 'heard', 'know', 'times', 'thing', 'wondered', 'afternoon']"
0,-0.6162443,-1.495571,"['laying', 'voice', 'bed']"
0,-0.28186274,-0.72438633,"['killed', 'sooo', 'sad', 'house', 'whyyyyyyyy', 'kutner']"
0,-1.8969666,1.5735441,"['culpa', 'sorry', 'mea', 'really', 'jacobsummers', 'tell']"
0,-1.6010334,-1.14683,"['sense', 'make', 'suicide', 'actually', 'alliana', 'thing', 'refuse', 'happened', 'believe']"
0,1.6402947,1.3648822,"['hope', 'salancaster', 'ok']"
0,0.19687483,0.05807915,"['much', 'grind', 'cuz', 'saddening', 'stop', 'mercedesashley', 'time', 'damn', 'love', 'inspirational', 'like', 'want']"
0,-0.85773486,2.033206,"['wudnt', 'yeah', 'aw', 'stand', 'know', 'chance', 'hibanick']"
0,1.8733658,0.1923553,"['cant', 'sleep', 'ugh']"
0,1.6261961,-1.7426618,"['wanna', 'hanging', 'sing', 'crooners', 'sucks']"
0,0.2792642,0.1780027,"['girls', 'bh', 'quot', 'aww', 'go', 'sc', 'wanna', 'tomorrow', 'think', 'morning', 'ya', 'leaving', 'im', 'beach', 'erre', 'aaw', 'miss']"
0,-1.7079953,0.7308279,"['pissed', 'station', 'asba', 'radio']"
0,3.5280535,-0.25848985,"['wednesday', 'day', 'know']"
0,1.7069432,-1.3204778,"['thought', 'life', 'flipped', 'know', 'good', 'upside', 'head', 'ramen', 'sounds']"
0,0.5493728,1.0476921,"['mention', 'made', 'pain', 'back', 'hurt', 'crying', 'sides', 'fail']"
0,0.38248053,0.186781,"['quot', 'getting', 'sick', 'sleep', 'night', 'ugh', 'back', 'snack', 'glass', 'late', 'oj', 'hate', 'sickness']"
0,-0.588261,-0.083763845,"['big', 'belle', 'fan', 'camilla', 'allyheman']"
0,0.25124297,0.21566525,"['clip', 'grum', 'broke', 'ex', 'filters', 'wah', 'work', 'el', 'else', 'till', 'stupido', 'puter', 'something', 'must', 'get', 'blame', 'mine', 'see', 'wait']"
0,0.3287649,0.3517473,"['terms', 'much', 'longer', 'get', 'going', 'week', 'actually', 'need', 'done', 'seems']"
0,2.1716003,0.34688535,['cold']
0,1.0034726,0.96737576,"['ugly', 'thecoolestout', 'turn', 'tomorrow', 'gonna', 'ehhh', 'take', 'weather']"
0,0.1990941,0.93356985,"['incredible', 'go', 'haha', 'stuff', 'still', 'cooooold', 'show', 'chelserlynn']"
0,1.8827053,0.09721245,"['rumbles', 'go', 'soon', 'tummy', 'away', 'hoping']"
0,0.6690506,-1.1680888,"['tomorrow', 'knights', 'working', 'notice', 'follow', 'told', 'said', 'agency', 'called']"
0,0.10649584,-1.6775033,"['bedtime', 'almost']"
0,0.3516768,0.057094544,"['babe', 'hopefully', 'happy', 'alive', 'love', 'long', 'imma', 'headstart', 'tired', 'yawwwnn', 'sleep', 'try', 'missing']"
0,1.6354429,1.9537874,"['snow', 'agh']"
0,-0.14253749,-0.8622231,"['kenny', 'powers', 'miss']"
0,1.1515467,-0.5247312,"['bridget', 'people', 'got', 'sad', 'actually', 'thank', 'know', 'direct', 'letting', 'bridgetsbeaches', 'message']"
0,0.72912663,1.1335367,"['th', 'without', 'india', 'missed', 'win', 'victory', 'test', 'consecutive', 'loss']"
0,2.4494128,0.8136483,"['jonathanrknight', 'guess']"
0,-1.3135712,-1.53341,"['sadly', 'going', 'bed']"
0,0.7879788,-0.78860646,"['ozesteph', 'hear', 'stephan', 'shame']"
0,2.228512,1.0955833,"['hey', 'leavin', 'morning', 'mrsaintnick']"
0,0.15854257,0.9404565,"['editing', 'intending', 'probably', 'finish', 'tonight', 'page', 'happen', 'pages', 'manuscript', 'left', 'novel']"
0,-2.1324944,-0.4824214,"['much', 'hurts', 'around', 'laid', 'today', 'head']"
0,0.6548947,0.18555652,"['francesca', 'th', 'easy', 'made', 'books', 'twista', 'cry', 'end', 'diaries', 'saving', 'princess', 'still', 'read', 'hmm']"
0,2.5839806,-0.11707105,"['nokia', 'died']"
0,1.0607948,-0.25074476,"['find', 'breast', 'week', 'might', 'cancer', 'mom', 'anything', 'like', 'worried']"
0,1.3832686,0.0761491,"['better', 'going', 'tomorrow', 'day', 'hoping', 'sleep']"
0,0.2127887,0.19641836,"['breakfast', 'rumblepurr', 'wish', 'savings', 'ended', 'keep', 'kids', 'waking', 'lol', 'later', 'hour', 'daylight', 'though', 'understood']"
0,-2.3943245,1.1566043,"['lame', 'onemoreproject']"
0,2.2493198,1.0938917,"['really', 'understand']"
0,-0.4376899,-2.461618,"['heroes', 'season']"
0,-0.55247927,-0.29558,"['much', 'living', 'downtown', 'sure', 'fun']"
0,0.14186771,0.11264608,"['junk', 'big', 'cherry', 'coke', 'wish', 'ass', 'wise', 'calorie', 'sour', 'ate', 'free', 'thing', 'skittles', 'food', 'jonathanchard']"
0,2.5816052,-0.72895163,"['hard', 'man', 'work']"
0,-2.14768,0.054632343,"['getting', 'sick', 'tea', 'time', 'hot', 'sleeeep', 'studying']"
0,0.85589993,1.1100545,"['eyebrows', 'pain', 'waxed', 'getting']"
0,0.10967945,-1.1699668,"['phantasy', 'going', 'work', 'yesterday', 'star']"
0,0.22332434,0.13080664,"['oh', 'get', 'although', 'espresso', 'sweet', 'sent', 'said', 'apps', 'well', 'macheist', 'got', 'serial', 'though']"
0,0.32084125,0.24070671,"['st', 'picked', 'mich', 'get', 'go', 'pretty', 'good', 'win', 'lost', 'tonight', 'feeling', 'pick', 'way']"
0,-0.3268113,-0.923991,"['working', 'downstairs', 'alone']"
0,1.5703511,1.401291,"['bad', 'feel']"
0,0.28997368,2.0057387,"['kinda', 'seriously', 'mean', 'ryanseacrest', 'anoop', 'hates']"
0,0.5510691,2.4173477,"['baltimore', 'far', 'yes', 'pinkserendipity', 'sprint', 'chicago']"
0,1.0035228,-0.7113211,"['felt', 'awake', 'yesterday', 'second', 'day', 'stuck', 'middle', 'terrible', 'row', 'night']"
0,-0.81252563,0.15524377,"['bubble', 'thanks', 'bursting']"
0,1.3880297,-0.0992483,"['find', 'wear', 'anything', 'school', 'going', 'soon', 'hard', 'gosh']"
0,-1.3215971,1.2713485,"['serious', 'marieclr', 'lol']"
0,1.0503334,-0.01070891,"['sad', 'page', 'deleted', 'naughtyhaughty', 'history', 'long', 'day', 'got', 'sooooo']"
0,0.3525311,1.1372228,"['today', 'wind', 'crazy', 'birding']"
0,0.29315874,-2.4592452,"['currently', 'work']"
0,-1.3961384,0.93417424,"['playing', 'weird', 'full', 'songs', 'ipods', 'ughh', 'thinking', 'acting', 'ho', 'jai', 'grrr']"
0,-0.8613006,0.10376816,"['missed', 'happy', 'cos', 'penndbad', 'heaps', 'send', 'dvd']"
0,0.84625924,-0.7366152,"['big', 'website', 'deal', 'see']"
0,-0.65947205,0.4615356,"['therapyfail', 'machineplay', 'sorry', 'go']"
0,0.62985003,2.4014878,"['colindemar', 'rail', 'tips', 'far', 'way']"
0,0.85021186,1.477672,"['tweeps', 'gaining', 'swear', 'heart', 'keep', 'losing', 'still', 'wrenching']"
0,0.8175769,0.6808346,"['find', 'realized', 'hiding', 'good', 'today', 'even', 'things']"
0,-0.630384,1.4349648,"['friends', 'loud', 'house', 'sitting', 'neighbors', 'party', 'staying']"
0,0.1310159,-0.23196463,"['danny', 'dannyvegasbaby', 'soooo', 'trip', 'hours', 'live', 'upset', 'chat', 'car', 'im', 'wasnt', 'watch']"
0,1.4742229,-1.1595436,"['check', 'mug']"
0,-1.0455824,-2.3216672,"['closed', 'borders']"
0,0.4028597,-0.19795704,"['album', 'quot', 'new', 'behind', 'times', 'days', 'downloading', 'hell', 'nin', 'come', 'slip']"
0,0.67288476,-0.56182545,"['woke', 'go', 'written', 'early', 'already', 'today', 'university', 'teach', 'mail']"
0,1.9738617,-1.481761,"['making', 'watching', 'hill', 'sad']"
0,1.1054335,0.114527345,"['channels', 'find', 'hobby', 'may', 'many', 'boring', 'yet', 'day', 'lazy']"
0,-0.029532576,-0.7501918,"['ill', 'buddy', 'supersport', 'th', 'ny', 'miss']"
0,-1.8158245,-0.60554,"['people', 'qtr', 'beautiful', 'french', 'snarl', 'love', 'south', 'tell', 'robluketic']"
0,0.72243,-0.016078345,"['opps', 'remain', 'got', 'one', 'said', 'day', 'still', 'problem', 'come']"
0,0.5409185,-0.19733419,"['fb', 'activated', 'new', 'internal', 'qc', 'clock', 'block', 'might', 'early', 'meaning', 'check', 'selfcontrol', 'regularizing', 'difficult']"
0,-2.0340006,0.45565465,"['oh', 'hillydop']"
0,1.2964034,-1.7908326,"['guy', 'good', 'spencer']"
0,0.15333337,0.5473345,"['finale', 'madame', 'reese', 'week', 'boring', 'goodlaura', 'crazy', 'next', 'ttsc', 'woman', 'season', 'dying', 'president']"
0,0.8013235,0.24112442,"['pray', 'guys', 'dog', 'sheÃ£Â¯Ã¢Â¿Ã¢Â½s', 'limited', 'letters', 'jonathanrknight', 'fine', 'hope', 'well', 'hate']"
0,3.1624498,1.4267719,"['screwed', 'get', 'shit', 'today', 'done']"
0,1.9311329,1.262041,"['wanttss', 'go']"
0,1.8976806,-0.023239048,"['tonite', 'sleep', 'going']"
0,1.2196752,-1.0869128,"['worried', 'tonight', 'tired', 'post']"
0,3.1624498,1.4267719,"['screwed', 'get', 'shit', 'today', 'done']"
0,0.8050415,-0.27892298,"['interview', 'hours', 'wish', 'job', 'today', 'luck', 'got', 'sleep', 'cardiff']"
0,-0.30067083,1.5240068,"['wiggety', 'whack', 'stustone', 'worse', 'show', 'way']"
0,0.29875326,0.15103388,"['people', 'family', 'help', 'dead', 'accept', 'think', 'might', 'djalizay', 'choose', 'really', 'chose', 'way']"
0,0.1843287,0.30549678,"['going', 'one', 'week', 'waiting', 'sitting', 'eloquentembrace', 'ds', 'solid', 'kill', 'till', 'seen']"
0,0.07979144,-0.8951573,"['think', 'ur', 'hahaha', 'right', 'cheechbud', 'hrs']"
0,1.5989628,-0.1558439,"['spartans', 'see', 'hate', 'sad']"
0,-1.7742181,-1.1041001,"['body', 'quot', 'getting', 'boot', 'mind', 'nightmares', 'thing', 'protesting', 'severely']"
0,-0.477334,0.46304613,"['mysteezradio', 'go', 'goin', 'follow', 'lol', 'angels', 'since']"
0,1.7355365,-2.788473,['mandayyy']
0,1.5053217,0.2470747,"['books', 'twista', 'think', 'library', 'read', 'want']"
0,-0.22931841,0.8211634,"['many', 'going', 'japanese', 'times', 'nap', 'today', 'interrupted', 'rents']"
0,1.3528754,0.4989227,"['world', 'bus', 'ghost', 'shows', 'ugh', 'end', 'right', 'kind', 'longs']"
0,1.6335471,1.9575024,"['supposed', 'gurumn', 'wednesday', 'get', 'canada', 'weird', 'snow', 'ugh']"
0,0.23450789,0.08584131,"['look', 'quot', 'new', 'sad', 'yesterday', 'movie', 'babs', 'underneith', 'transformer', 'shop', 'musik', 'like', 'entrance', 'awwh']"
0,-1.4446874,-0.7452695,"['macbook', 'feet', 'fell', 'sad']"
0,1.264539,0.10111983,"['lonesome', 'get', 'sad', 'tomorrow', 'tipsy', 'late', 'gonna']"
0,0.76664,1.6802073,"['find', 'screwed', 'trip', 'may', 'crash', 'forthcoming', 'sweating', 'someone']"
0,0.07672733,-1.4750594,"['somebody', 'account', 'make', 'cant', 'get', 'gotten', 'read', 'tweets']"
0,-0.18180399,1.0129472,"['omgawd', 'couldnt', 'heat', 'time', 'infinitydefines', 'handle', 'cat']"
0,0.45560357,-1.1397979,"['make', 'auburn', 'looking', 'good', 'hope', 'show', 'donniewahlberg']"
0,0.19110557,0.397729,"['made', 'people', 'thats', 'henrie', 'magazine', 'dont', 'think', 'ever', 'tho', 'haha', 'david', 'couldnt', 'fit', 'pictures', 'mag']"
0,-0.7382733,-0.8928836,"['forgot', 'submit', 'breadandbadger', 'totally', 'photos', 'congrats']"
0,0.3308613,0.10860617,"['album', 'paula', 'new', 'work', 'please', 'xxx', 'good', 'luck', 'hope', 'awww', 'hard', 'paulaabdul', 'gonna', 'amazing', 'fun']"
0,1.3290198,-0.32142767,"['imaginarypeach', 'gets', 'leaving', 'sad']"
0,2.442157,-0.12772663,"['phone', 'using', 'stupid', 'ughhh', 'twitter', 'nokia', 'advance', 'broke', 'miss']"
0,0.21177885,1.2438918,"['house', 'outside', 'scared', 'kidding', 'shooting']"
0,0.13521029,0.029284788,"['reflection', 'us', 'reducing', 'Ã£Â¯Ã¢Â¿Ã¢Â½n', 'start', 'might', 'techniques', 'become', 'sure', 'useful', 'stress', 'lecture', 'tuesdayÃ£Â¯Ã¢Â¿Ã¢Â½ll', 'accompaniers']"
0,0.34593436,1.2177892,"['disaster', 'tragedy', 'week', 'news']"
0,1.5239061,-0.38055196,"['find', 'trying', 'yes', 'correclty', 'upload', 'still', 'picture']"
0,0.8337146,-1.4469051,"['oh', 'game', 'looking', 'sox', 'forward', 'day', 'red', 'opening', 'rained']"
0,1.8369337,-0.38428786,"['keys', 'find', 'still']"
0,-0.1319524,-1.2400482,"['dunno', 'going', 'know', 'charlietm', 'right', 'twitter']"
0,-1.369651,2.5348942,"['might', 'throat', 'sore', 'getting']"
0,0.1608516,0.082703374,"['mammy', 'explain', 'let', 'depressd', 'labelsnotlove', 'town', 'walk', 'pls', 'home', 'alone', 'child', 'old', 'hello', 'parent', 'called', 'yr']"
0,0.75560856,-0.085446246,"['find', 'better', 'think', 'combo', 'ircmaxell', 'wellbutrin', 'efficacy', 'need', 'losing', 'anti', 'depressants', 'paxil']"
0,-1.1286749,-0.73131853,"['tourney', 'eating', 'place', 'nd', 'round', 'competitive', 'myconnecticut', 'woodntap', 'restaurant', 'time', 'called']"
0,2.5141501,0.04617231,"['wake', 'bathroom', 'lakin']"
0,-1.8415265,-0.20553948,"['tacos', 'say', 'caitlinoconnor', 'want', 'hello', 'gay', 'margarhitas', 'lt', 'telll']"
0,-0.42424533,0.757381,"['female', 'lonely', 'company', 'keep', 'california', 'im']"
0,2.1866083,1.8824563,"['betfair', 'bad', 'day', 'office']"
0,-1.5888684,-0.18464422,"['tar', 'heel', 'win', 'celebrate', 'wait', 'weekend', 'though', 'miss']"
0,1.7029276,0.35939503,"['go', 'nothing', 'yet', 'want', 'really', 'cold', 'sleep']"
0,-1.9533893,-1.5545117,"['kristencampisi', 'round', 'officially', 'go']"
0,-0.52985096,0.6480573,"['found', 'back', 'heartbroken', 'even', 'write', 'wont', 'twin', 'monkeys']"
0,0.3414372,-0.7086238,"['om', 'felt', 'aww', 'work', 'yesterday', 'know', 'like', 'miss']"
0,-0.78929895,1.2970479,"['sarahreedsc', 'defined', 'treaty']"
0,1.7474555,-1.4839201,"['praise', 'gt', 'lead', 'missed', 'brent', 'pout', 'band', 'guitarist', 'lt', 'fun']"
0,0.6558055,-0.3234858,"['doctor', 'play', 'jpfurry', 'happens', 'seriously', 'fruit', 'poor', 'microwave', 'john', 'though', 'seen', 'xxx']"
0,-0.5094123,0.02037707,"['reminds', 'courts', 'watching', 'shout', 'home', 'away', 'bff', 'lt', 'missing']"
0,1.7355386,-2.7884722,['mandayyy']
0,-1.7088823,0.20403542,"['card', 'doa', 'new', 'video']"
0,1.4726813,0.6204354,"['iphone', 'jk', 'confused', 'lost', 'naked', 'sort', 'feeling']"
0,0.30923015,-1.0254171,"['occupied', 'people', 'appraisal', 'work', 'filling', 'damn', 'sent', 'almost', 'late', 'form']"
0,1.7474555,-1.4839201,"['praise', 'gt', 'lead', 'missed', 'brent', 'pout', 'band', 'guitarist', 'lt', 'fun']"
0,0.24017951,0.1987147,"['much', 'cant', 'past', 'gah', 'think', 'thinking', 'wat', 'still', 'got', 'deserved', 'change']"
0,-0.15868102,-0.86701185,"['lost', 'seen', 'ring']"
0,0.3502879,0.097950906,"['moneys', 'yeah', 'fuck', 'chan', 'alicia', 'sealclap', 'ooooooh', 'zip', 'download', 'see', 'shitloads', 'burgaw', 'folders', 'mikey', 'internet']"
0,0.89381146,0.10405875,"['nile', 'better', 'baby', 'sick', 'glad', 'nursing', 'still', 'feeling', 'hate']"
0,0.78623205,1.1203607,"['ic', 'fucked', 'back', 'go']"
0,-0.44518337,-0.40419158,"['reconnected', 'go', 'brandizzzle', 'rude', 'tonight', 'yoyoyo', 'bed', 'internet']"
0,0.1501231,1.5827187,"['jemcam', 'uni', 'netball', 'well', 'stuff', 'netbal', 'done']"
0,-1.1389278,-0.9262018,"['poor', 'kissability']"
0,1.3769745,0.99226236,"['th', 'help', 'forget', 'july', 'april']"
0,2.2008653,1.6188737,"['oh', 'bentley', 'columbus', 'go', 'wanna', 'bad', 'comin', 'dierks']"
0,1.2914976,0.79283035,"['sidekick', 'take', 'back']"
0,-0.23523332,-0.89768755,"['jealous', 'xm', 'wish', 'working', 'chriscantore', 'totally', 'congrats']"
0,-0.09597731,-2.3659384,"['face', 'gr', 'itchy']"
0,-1.3915342,-0.7749061,"['luvvvvv', 'golden', 'one', 'poor', 'sighhhh', 'retriever', 'socks', 'want']"
0,-0.3789094,-1.1175257,"['fucking', 'found', 'luggage', 'girl', 'tracy', 'piece', 'terrible', 'saw']"
0,0.52391744,1.0876361,"['nausea', 'aaaaand', 'back']"
0,0.19484529,-0.14757736,"['ooh', 'youtube', 'going', 'iÃ£Â¯Ã¢Â¿Ã¢Â½m', 'excited', 'long', 'love', 'even', 'donniewahlberg']"
0,-0.04819101,0.92068565,"['mahavir', 'find', 'holiday', 'bank', 'contd', 'axis', 'jayanti', 'reach', 'hour', 'today', 'spent']"
0,-0.725582,0.9491709,"['jobros', 'mathewsmichael', 'dont', 'update', 'often', 'agree', 'theres']"
0,-0.3872787,-0.5088027,"['clip', 'dead', 'ago', 'lj', 'back', 'fishmouse', 'hilarious', 'linked', 'time', 'link', 'went']"
0,-0.087291114,0.97771776,"['thats', 'oooooooo', 'neither', 'diannepulham', 'study', 'need', 'im']"
0,0.42936268,0.04619271,"['hopefully', 'nearly', 'goes', 'tonight', 'posted', 'time', 'website', 'day', 'well', 'tweeted', 'night']"
0,2.3502479,1.7111562,"['bentley', 'bostongarden', 'miss']"
0,1.3002731,-0.43614525,"['seriously', 'applications', 'needs', 'finish', 'job']"
0,0.30460793,0.24144785,"['three', 'holiday', 'work', 'stay', 'sick', 'back', 'son', 'days', 'kids', 'tense', 'vincas', 'home']"
0,0.5579206,0.118563734,"['writer', 'english', 'written', 'rewrote', 'client', 'good', 'boss', 'correctly', 'well', 'reviewed', 'understand', 'unreadable', 'whinging', 'text']"
0,1.2621113,1.8952878,"['ever', 'huntermoore', 'want', 'punch']"
0,1.4622165,1.8071624,"['sooo', 'snow', 'sick', 'ughh']"
0,-69.56953,-16.803461,['nemesis']
0,0.35345206,-0.9508907,"['upset', 'lovemeagan', 'fan', 'work']"
0,0.22672951,0.05824664,"['related', 'repeated', 'going', 'would', 'discussion', 'live', 'soon', 'games', 'koodo', 'stern', 'video', 'like', 'apologize', 'tweets']"
0,0.15421084,2.6961153,"['zaydia', 'cant', 'get', 'etc', 'back', 'hotel', 'pay', 'figure']"
0,-0.45385864,-1.4053078,"['much', 'register', 'quot', 'seniority', 'bc', 'ineptness', 'fml', 'technological', 'classes']"
0,0.46224457,-0.0679224,"['pain', 'feels', 'forward', 'looking', 'pills', 'day', 'gallbladder', 'like', 'slept', 'away', 'bouts', 'least']"
0,1.2590262,2.2463977,"['thastevieg', 'back', 'really', 'old', 'want', 'bass']"
0,0.9141452,-0.6041551,"['twittas', 'mad', 'early', 'callin', 'tonight', 'today', 'nighty', 'tired', 'night']"
0,1.6501802,-0.20708828,"['easy', 'levenrambin', 'take', 'good']"
0,-1.9372537,0.96668696,"['bad', 'afraid', 'code']"
0,-1.0780071,-1.3355142,"['going', 'think', 'goodniight', 'bed', 'hate']"
0,0.58234215,-1.3614444,"['riancurtis', 'friend', 'love']"
0,-1.2945356,0.47131938,"['gone', 'notice', 'db', 'time', 'needed', 'kariajay']"
0,-0.9492054,0.96052355,"['pee', 'bathroom', 'aaronrva']"
0,0.9069872,-2.145772,"['wanted', 'margarita', 'ashleyskyy']"
0,0.9475492,-0.18333499,"['work', 'go', 'tough', 'workouts', 'schedule', 'yup', 'unfortunetly', 'kourtneykardash', 'allows', 'worst', 'night']"
0,0.65578556,-0.99507457,"['hillsong', 'looking', 'waiting', 'list', 'know', 'good', 'said', 'tell', 'called']"
0,-1.1253848,0.35557538,"['coke', 'bar', 'around', 'ml', 'left', 'milky']"
0,-0.9492054,0.96052355,"['stillllll', 'arrived', 'jokerrrr']"
0,0.9622119,0.5437825,"['rape', 'feel', 'school', 'wants', 'first', 'dancing', 'mraow', 'art', 'like']"
0,-0.21350472,0.7779137,"['play', 'craving', 'noo', 'karenucol', 'ah', 'basketball', 'time', 'softball', 'like', 'bet']"
0,0.855915,0.30284804,"['reference', 'trouble', 'get', 'accidentally', 'doesnt', 'gets', 'hopes', 'back', 'deleted', 'terrified', 'management', 'assignment']"
0,-0.31568924,0.667965,"['sad', 'worked', 'plugin', 'website', 'amazon', 'need', 'provider', 'hosting', 'php']"
0,0.6255278,0.94442886,"['argh', 'awake', 'sleepy', 'wide', 'ago', 'stay', 'suuuper', 'hour', 'hope', 'night']"
0,0.40778476,-0.26375747,"['sold', 'let', 'wish', 'would', 'know', 'time', 'love', 'austinhill', 'hear']"
0,1.2294439,0.7157421,"['dreading', 'watched', 'tomorrow', 'tropic', 'thunder']"
0,1.5696982,-0.17933467,"['qweendassah', 'still', 'miss']"
0,-54.089966,-54.853725,['chiefdelphi']
0,-1.1518135,-0.18646948,"['according', 'poo', 'stolen', 'bro', 'new', 'fight', 'puppy', 'picture', 'covered', 'poop']"
0,0.686478,-0.5970005,"['game', 'playing', 'new', 'yet', 'boss', 'home', 'call']"
0,0.98473537,0.8643087,"['made', 'yin', 'feel', 'unbearable', 'cry', 'guilt', 'huen', 'staff', 'tweeted', 'su']"
0,-0.9801428,-0.5106959,"['joshy', 'sick', 'damn', 'poor', 'tejanos']"
0,-0.5232866,-1.2237552,"['family', 'sad', 'thoughts', 'cantu', 'time', 'sandra', 'difficult']"
0,1.1587632,-1.5973344,"['happening', 'wanted', 'let', 'know', 'everybody', 'franzglaus']"
0,2.172157,-1.4960582,"['michigan', 'shameful', 'sigh', 'know']"
0,0.9832728,-0.81461626,"['hours', 'fill', 'two']"
0,-0.9612011,2.010618,"['hey', 'seeing', 'girls', 'cuuute', 'na', 'alicayaba', 'everyday', 'miss']"
0,0.34222806,0.29267606,"['oh', 'germany', 'mention', 'better', 'quot', 'back', 'gooooood', 'jonathanrknight', 'cage', 'office', 'im', 'moooorniiiiiiing']"
0,-0.8975894,2.131095,"['idea', 'closing', 'throat', 'good', 'cheese', 'string']"
0,0.11712941,-0.031031948,"['family', 'dead', 'aww', 'go', 'found', 'missing', 'stories', 'cantu', 'never', 'good', 'poor', 'children', 'sandra', 'suitcase', 'seem']"
0,-1.1271069,0.5627861,"['covers', 'underneath', 'wishing', 'home']"
0,2.208483,0.74369586,"['school', 'walking', 'home', 'drains', 'energy']"
0,0.085858405,0.3904541,"['shapeshifting', 'thought', 'awesome', 'angela', 'week', 'excited', 'noah', 'tho', 'ep', 'agree', 'copout', 'ridley']"
0,-0.05438027,1.1291543,"['planned', 'would', 'dang', 'savethestrib', 'knew', 'earlier', 'outings', 'done']"
0,0.33868948,1.9495491,"['taking', 'better', 'writing', 'wish', 'long', 'write', 'paper']"
0,0.80606,0.34148216,"['course', 'halo', 'news', 'legendary', 'ms', 'mythic', 'map', 'ugh', 'bad', 'access', 'pack', 'download']"
0,0.24876313,0.44752675,"['little', 'another', 'weeks', 'yet', 'latest', 'project', 'told', 'busy', 'vene', 'bit', 'unfortunately', 'ia']"
0,1.2411294,1.0202388,"['gone', 'sun', 'thecoolestout', 'ha', 'already']"
0,1.2126321,-0.46900976,"['let', 'tomorrow', 'harder', 'goes', 'see', 'day', 'lot']"
0,-0.5944709,-0.49818888,"['gayforpeavy', 'jake', 'crush', 'let', 'man', 'peavy']"
0,0.2493942,0.21098387,"['weds', 'trip', 'going', 'tried', 'tonight', 'megafast', 'time', 'tom', 'day', 'see', 'tech', 'bad', 'trishzw', 'warn', 'want', 'fail']"
0,2.3811345,-1.6351103,"['state', 'michigan', 'make', 'sad']"
0,0.79037595,0.28048894,"['mouth', 'much', 'pain', 'wanna', 'time', 'braces', 'untill', 'take', 'omg', 'sleep']"
0,-0.5261066,0.5529143,"['biofuel', 'easily', 'getting', 'gt', 'today', 'proposal', 'annoyed', 'biof']"
0,-1.6823816,-0.48209658,"['hey', 'mizzchievouz', 'videos', 'girl', 'back', 'girlyvue', 'even', 'site']"
0,1.8117177,1.877727,"['hleyf', 'tomorrow', 'grandma', 'early', 'time', 'skittles', 'spending', 'leave']"
0,2.2994287,-1.557184,"['michigan', 'get', 'tromped', 'watching', 'state', 'home', 'got']"
0,0.2296699,0.08917689,"['oh', 'bones', 'organize', 'bus', 'work', 'alot', 'lt', 'gt', 'years', 'two', 'ache', 'tonight', 'finishing', 'possible', 'jew', 'worth', 'classes']"
0,-1.0596848,-1.0080097,"['laptop', 'arrived', 'exchanging', 'griffmiester']"
0,1.4146297,0.98681444,"['last', 'feel', 'hyperbets', 'long', 'hope', 'miserable']"
0,0.27374408,0.09431101,"['wekend', 'make', 'hang', 'neccessary', 'rcompo', 'work', 'sat', 'free', 'outage', 'im', 'home', 'folk', 'rachel', 'dumb', 'gonna']"
0,0.901696,0.21550722,"['breakers', 'theleaguesf', 'new', 'getting', 'bay', 'overreacted', 'clamped', 'rambunctious', 'mantra', 'furious', 'fun', 'city']"
0,0.32903835,-0.212639,"['reason', 'premiere', 'movie', 'sod', 'amber', 'good', 'spot', 'important', 'hubby', 'benson', 'carpet', 'red', 'thinks', 'trek']"
0,0.4084521,0.14472504,"['wah', 'hurts', 'getting', 'swear', 'gets', 'eyes', 'man', 'never', 'matter', 'long', 'easier']"
0,0.2435654,0.7210566,"['hair', 'color', 'one', 'week', 'fades', 'star', 'jeffree', 'keep', 'within', 'permanent', 'dye']"
0,0.5838523,1.7800533,"['otakusecret', 'coming', 'see', 'whoa', 'reaction']"
0,0.24480076,-0.1387771,"['better', 'medicine', 'feel', 'new', 'got', 'sick', 'snow', 'suppose', 'feeling', 'good', 'hope', 'bit', 'still', 'wtf', 'ohh', 'sleep', 'night']"
0,0.32778648,0.124733,"['get', 'hours', 'worry', 'productive', 'ur', 'think', 'couple', 'dog', 'maybe', 'right', 'dangerm', 'hon', 'tired', 'use', 'sleep']"
0,0.6839524,-1.0145535,"['find', 'new', 'looking', 'thanks', 'words', 'learned', 'lot', 'maddyva']"
0,-1.147681,-0.7023802,"['wish', 'downloads', 'gamertag', 'xblm', 'hitokyri', 'thing', 'tired', 'nonsense']"
0,1.1364306,1.2822335,"['test', 'testament', 'new']"
0,1.0616103,0.79492193,"['tons', 'scoutbuck', 'ahhhh', 'hay', 'troll']"
0,-1.3531649,-0.05132794,"['stupid', 'watched', 'ugggggh', 'movies', 'rip', 'mirrors', 'stooopeeed']"
0,0.047778726,-0.8654196,"['buck', 'love']"
0,1.9002333,1.238114,"['still', 'last', 'done', 'one']"
0,2.7646213,-1.3138415,['homework']
0,0.32549164,0.29738054,"['enough', 'get', 'baby', 'taken', 'unfair', 'back', 'time', 'like', 'understand', 'away', 'want', 'things']"
0,-0.36504945,0.608869,"['half', 'scratch', 'tum', 'cookies', 'poots', 'heif', 'shoog', 'two', 'du', 'anymore', 'take']"
0,0.4104541,0.11768561,"['sweets', 'chi', 'miss', 'much', 'go', 'town', 'listening', 'first', 'time', 'plz', 'forever', 'cococourtney', 'visits']"
0,0.4318545,0.035846796,"['dark', 'emails', 'going', 'ah', 'email', 'busy', 'day', 'geez', 'still', 'pm', 'afternoon', 'meetings']"
0,0.21766634,0.31970507,"['phone', 'oh', 'spring', 'cool', 'another', 'work', 'week', 'money', 'break', 'dang', 'bad', 'well', 'ttyl', 'everbody']"
0,-1.7975103,0.8984533,"['reply', 'ur', 'uni', 'ago', 'sara', 'afraid', 'ages', 'im', 'kate']"
0,2.5551085,0.35317788,['feeling']
0,0.4068811,0.19499868,"['carvin', 'eating', 'ass', 'us', 'emotional', 'men', 'omg', 'lol', 'late', 'broke', 'night']"
0,-0.058912363,2.1178267,"['hair', 'longer', 'aww', 'heart', 'break', 'cut', 'carter', 'like', 'nick']"
0,1.6486409,1.0010871,"['lost', 'net', 'wonder', 'jon']"
0,0.22292246,-0.87367964,"['world', 'seconds', 'thing', 'losing', 'wow', 'created', 'depressing', 'matter', 'fml', 'video']"
0,-1.4277822,1.1038898,"['stock', 'says', 'nchokkan']"
0,-0.71888244,0.073024474,"['poohpot', 'sorry', 'ate', 'lmao', 'im']"
0,-1.0336434,1.6913126,"['loud', 'chance', 'mtub', 'softbelly']"
0,-1.4646066,-0.52679396,"['posterior', 'fat', 'drool', 'iÃ£Â¯Ã¢Â¿Ã¢Â½m', 'swimming', 'move', 'articulation', 'creaking', 'time', 'lose', 'running']"
0,1.8375368,-0.22902882,"['cry', 'nathan', 'listening']"
0,-0.5866522,0.36169484,"['without', 'die', 'sucked', 'chris', 'wahhh', 'today', 'gonna', 'callum']"
0,0.14801879,-0.041455306,"['course', 'um', 'open', 'update', 'exam', 'notices', 'stou', 'wait', 'site', 'must', 'doc', 'info', 'mail']"
0,2.2974591,0.37906525,"['going', 'quick', 'kinda', 'feeling', 'sorry', 'ohsbrat', 'yucky', 'come']"
0,0.766014,-2.5646086,"['missin', 'love', 'scrappy', 'already']"
0,-2.1463637,0.637769,"['myspace', 'wants', 'song', 'messing', 'seblefebvre', 'hear']"
0,0.24983808,0.15395741,"['weight', 'coach', 'life', 'news', 'new', 'dad', 'cancer', 'good', 'bad', 'practising', 'holistic', 'management', 'dying', 'business', 'started']"
0,-1.7703346,-1.5198476,"['intervention', 'sad', 'man', 'duchess', 'rebecca', 'soo']"
0,2.1227577,-1.307554,"['help', 'new', 'boyfriend', 'need', 'rut', 'stuck']"
0,0.7051937,0.6190793,"['help', 'get', 'feel', 'shit', 'one', 'idiot', 'works', 'complete', 'like']"
0,-0.31701285,0.81153524,"['female', 'realized', 'ad', 'psyched', 'hoax', 'casting', 'totally', 'craigslist', 'host', 'saw', 'call']"
0,0.7989168,-1.4731686,"['rolls', 'valentino', 'said', 'pepperoni', 'called', 'sausage']"
0,0.70620805,-1.500315,"['soillodge', 'yes', 'monday']"
0,1.0841578,-1.1188662,"['new', 'already', 'episode', 'gg', 'want']"
0,-0.998214,-1.7771873,"['modern', 'life', 'watching', 'rocko', 'miss']"
0,-0.6026415,-0.75374055,"['something', 'sad', 'rip', 'sandra', 'like', 'someone']"
0,2.995332,0.5127708,"['buddy', 'keeping', 'well', 'fingers', 'feeling', 'crossed']"
0,0.97810704,-2.4371057,"['skinny', 'eat', 'wait', 'hungry', 'vegas']"
0,-0.5933788,0.16142476,"['marge', 'inovera', 'tried', 'hated', 'sure', 'tweetdeck', 'passion']"
0,-0.014557992,0.54298055,"['freezing', 'benackerman', 'quickly', 'btw', 'iphone', 'admitting', 'sayin', 'acting', 'funny', 'bs', 'anything', 'dying']"
0,-1.4343897,1.5396333,"['quot', 'strong', 'ed', 'hold', 'sitting', 'wondering', 'still']"
0,0.06323278,0.14593159,"['going', 'sick', 'bananaface', 'sorry', 'im', 'lol', 'bed', 'got', 'night']"
0,0.955563,0.90368176,"['ox', 'drive', 'builders', 'home', 'use', 'internet', 'carolrainbow']"
0,0.563268,1.784258,"['canada', 'freezing', 'steve', 'buscemi', 'weather']"
0,1.2529159,0.019355468,"['twiggassssssss', 'hopefully', 'good', 'back', 'day', 'range']"
0,-63.213932,-48.73054,['danadearmond']
0,1.0607073,1.4898628,"['pain', 'pray', 'anyone', 'reads', 'grandma']"
0,-1.7531949,0.73745245,"['pushing', 'quot', 'woke', 'stop', 'accident', 'pants', 'crying', 'wetting']"
0,0.22164686,-0.41039923,"['jumped', 'kicked', 'franklin', 'street', 'lost', 'shoe', 'almost', 'home', 'jenny', 'fire', 'could', 'someone']"
0,-1.6933254,1.845826,"['hey', 'johnnybeane', 'default', 'changed']"
0,0.1999765,0.11162514,"['enough', 'finally', 'going', 'bored', 'think', 'myspace', 'start', 'tho', 'problem', 'gave', 'status', 'thing', 'like']"
0,-0.3913957,2.1543956,"['work', 'oooonly', 'early', 'ellievolia', 'awh', 'really', 'definitely', 'eh', 'lucky']"
0,2.709955,-1.275654,"['homework', 'buttload']"
0,1.5296974,1.722983,"['another', 'studio', 'copy', 'needs', 'visual']"
0,0.3542532,1.357037,"['world', 'look', 'side', 'school', 'anyway', 'week', 'silly', 'bright']"
0,0.65129435,0.5240679,"['dont', 'economics', 'know', 'test', 'im', 'things', 'omg', 'gonna', 'fail']"
0,0.40706334,0.04378648,"['clam', 'poaching', 'pride', 'coral', 'sad', 'islands', 'fish', 'kinda', 'robcthegeek', 'philippine', 'hundred', 'time', 'tourism', 'upon', 'rare']"
0,2.58337,1.7356185,"['yeah', 'taste', 'henkuyinepu', 'really', 'apparently', 'bad']"
0,0.47277328,0.19505726,"['recommends', 'youtube', 'tomorrow', 'hummiemd', 'call', 'know', 'really', 'everyone', 'surprised', 'figure', 'since']"
0,0.53929055,0.276686,"['get', 'ugly', 'sell', 'sleep', 'trying', 'waiting', 'men', 'hats', 'ride', 'harassed', 'airport', 'want']"
0,-0.5616918,-2.180538,"['location', 'go', 'ids', 'left', 'bars', 'fuckkkkkkkkkkkkk']"
0,1.8811388,1.2550262,"['last', 'celycarmo', 'comment', 'sorry', 'understand']"
0,1.2653649,0.49475408,"['last', 'late', 'stayed', 'officialrandl', 'announcement', 'night']"
0,-1.1414067,1.334982,"['stock', 'everywhere', 'strange', 'legal', 'illegal', 'avlbl', 'kishorek', 'dvd', 'torrents']"
0,1.2480005,-0.4141636,"['say', 'enough', 'imiss']"
0,0.5517919,-0.5374718,"['game', 'trolley', 'packed', 'good', 'mts', 'padre', 'car', 'sardines', 'like', 'remove', 'call']"
0,0.9071975,1.4676441,"['help', 'trying', 'randomlynat', 'haha', 'jeez']"
0,-1.4213115,-1.093489,"['saturday', 'along', 'supamagg', 'green', 'lighter', 'happened', 'glittery', 'night']"
0,0.6224996,1.8292372,"['trying', 'cigarettes', 'number', 'day', 'reduce']"
0,0.27071387,-0.2629206,"['quiet', 'bored', 'work', 'cuz', 'around', 'talk', 'nobody', 'yea', 'everyone', 'im', 'death']"
0,1.7667266,-0.065083705,"['hard', 'gotta', 'cooking', 'assignment']"
0,-0.26385465,0.79745966,"['people', 'treesahquiche', 'one', 'ever', 'never', 'talked', 'told', 'okay', 'applepears']"
0,0.24586663,-1.0125569,"['behind', 'hahaha', 'night', 'know', 'time', 'jennifermf', 'almost', 'zone', 'nature', 'owl']"
0,1.1634511,2.6672246,"['nope', 'complete', 'lol', 'camerafail', 'mamasvan']"
0,2.2235754,-0.16533498,"['want', 'maxime', 'megelder', 'useless', 'well', 'fair', 'sleep', 'fun']"
0,1.09449,1.9647497,"['pookie', 'get', 'gabbie', 'back', 'uti', 'sodas', 'nurse']"
0,1.8113014,2.4136322,"['hang', 'something', 'please', 'damn', 'tweet', 'jillianfish']"
0,3.1297767,-0.9776456,['anistorm']
0,-0.064729534,-1.2769005,"['news', 'behind', 'yesterday', 'games', 'matter', 'video', 'everything']"
0,0.29601052,0.1732673,"['tempted', 'got', 'one', 'sleep', 'soon', 'ate', 'velvet', 'home', 'left', 'noon', 'mocha', 'chocolate', 'til']"
0,-0.33518127,-0.57827795,"['reason', 'keeps', 'stressing', 'alert', 'faking', 'status', 'flashing', 'blackberry', 'red', 'hate']"
0,1.3998814,0.15118743,"['wear', 'wanna', 'worn', 'december', 'martens', 'doc', 'since']"
0,0.3626095,0.20755519,"['find', 'go', 'repair', 'couple', 'shop', 'back', 'days', 'shoe', 'guy', 'see', 'could', 'shoes']"
0,0.76786447,2.1659842,"['barnett', 'really', 'see', 'coming']"
0,-0.9762837,-2.1227803,"['cool', 'dreams', 'life', 'woke', 'sketchy', 'time', 'vivid', 'lights', 'stare', 'wall']"
0,1.1674203,1.257429,"['get', 'passport', 'days', 'sister', 'take']"
0,-1.306744,-1.9264694,"['oh', 'yes', 'nicolerichie', 'miss']"
0,-2.269079,0.35538366,"['oh', 'getting', 'think', 'sick', 'uh']"
0,1.3120801,1.9603281,"['god', 'button', 'good', 'belly', 'ruined']"
0,-0.5019263,0.44257483,"['toon', 'roger', 'makes', 'town', 'watching', 'rabbit', 'framed', 'miss']"
0,-1.1362048,0.04460125,"['renting', 'awesome', 'fall', 'akianz', 'buying', 'house', 'cheap', 'attempts']"
0,-0.8475477,2.443788,"['spinning', 'meeting', 'good', 'combination', 'nose', 'head', 'running']"
0,0.23061079,1.7372136,"['confidence', 'eazydoesit', 'lost', 'negative', 'vote']"
0,-0.5961762,0.4059543,"['due', 'iphone', 'nasty', 'today', 'apple', 'sent', 'budget']"
0,-0.189528,0.9714803,"['noel', 'bad', 'thatÃ£Â¯Ã¢Â¿Ã¢Â½s', 'sofii']"
0,-1.3078852,0.57249814,"['play', 'reason', 'stopped', 'episode', 'dammit', 'anything', 'middle', 'kings']"
0,-0.8952021,-0.6629818,"['ceased', 'upset', 'missed', 'online', 'chat', 'free', 'quiz', 'internet']"
0,0.3367153,0.2234927,"['much', 'people', 'others', 'get', 'disbelief', 'hurt', 'really', 'always', 'take', 'believe', 'way']"
0,-0.4186533,-2.1383708,"['without', 'car', 'season', 'show', 'started']"
0,-1.3910888,2.5769129,"['raw', 'throat']"
0,-0.05793221,-0.046477232,"['get', 'ish', 'mind', 'prayers', 'even', 'like', 'kevchoice', 'could', 'real', 'fam', 'persons']"
0,2.0225008,0.0040603387,"['frago', 'see', 'need', 'therapist', 'call', 'hate']"
0,2.9971662,0.520982,"['yesterday', 'today', 'twilight', 'fingers', 'come', 'crossed']"
0,0.45579213,0.18359904,"['better', 'help', 'feel', 'sick', 'glad', 'see', 'love', 'nilelegania', 'hate', 'able']"
0,1.4046656,0.08228582,"['tireddddddd', 'tomorrow', 'sleep', 'finish', 'exam', 'study', 'assignment', 'want']"
0,-2.1288188,1.1944655,"['money', 'need', 'know', 'thinking']"
0,1.2886401,0.82326794,"['jst', 'omg', 'teusday']"
0,0.13064107,1.3003995,"['find', 'cant', 'ummmmm', 'henrie', 'ddlovato', 'david']"
0,-0.56242037,-1.3482503,"['found', 'yrs', 'cantu', 'heard', 'sandra', 'old']"
0,-0.6232708,1.7909708,"['forgotten', 'meet', 'ive', 'ever', 'wonder', 'snoo', 'corrosivecandy']"
0,0.037771434,0.3726747,"['made', 'amanorris', 'last', 'giant', 'sexist', 'sorry', 'tweet', 'wow', 'like', 'seem']"
0,0.3931723,0.14507225,"['iz', 'draining', 'dangit', 'drano', 'bathtub', 'ass', 'fired', 'shower', 'wanna', 'job', 'drain', 'still', 'got', 'haz', 'fail']"
0,2.2072527,-1.3983136,"['stuck', 'home']"
0,0.5686808,1.8926772,"['get', 'nomadicmatt', 'mine']"
0,-0.21849948,-0.08741386,"['boston', 'oh', 'globe', 'famous', 'stolen', 'duckling', 'book', 'via', 'children', 'public', 'garden', 'sharethis']"
0,1.5008286,-0.9153773,"['news', 'however', 'list', 'thank', 'convicts', 'appomattox', 'includes', 'hate']"
0,1.2123182,-0.61489516,"['heading', 'install', 'hours', 'altrincham']"
0,1.0436873,0.14307007,"['helppp', 'work', 'morning', 'good', 'today', 'knackered', 'im', 'bloody', 'xxx']"
0,-0.97227335,1.9187125,"['driveway', 'garage', 'jeffreecuntstar', 'park']"
0,-1.7990322,-1.3429434,"['lauredhel', 'happened']"
0,0.8458399,-0.006555245,"['prescribed', 'quot', 'actually', 'ever', 'probably', 'adorno', 'struggling', 'reading', 'music', 'continue', 'popular', 'difficult']"
0,-0.23888803,0.86862314,"['cant', 'cellphone', 'dont', 'see', 'camera', 'falling', 'flowers']"
0,0.4728252,0.5399389,"['spring', 'nice', 'getting', 'snow', 'good', 'right', 'like', 'liking', 'used', 'weather']"
0,0.2647028,-2.3273845,"['vids', 'armstrong', 'blocked', 'youtube', 'china', 'brian', 'pity', 'see', 'currently']"
0,-1.7209584,-1.2852006,"['life', 'margaretcho', 'happened', 'show', 'hightlight']"
0,0.9549857,0.18385382,"['world', 'means', 'working', 'sofa', 'best', 'leather', 'office', 'still', 'though']"
0,1.3287798,0.5100302,"['uncapped', 'gets', 'days', 'still', 'internet']"
0,1.2160286,1.7166499,"['better', 'lodged', 'get', 'something', 'days', 'could', 'belly']"
0,2.8210218,0.7188581,"['much', 'atekinzz', 'love', 'soo', 'miss']"
0,1.41661,-0.051728837,"['play', 'kitties', 'wanna', 'sneak', 'zoo']"
0,-2.3262825,0.3581576,"['oh', 'getting', 'sick', 'lolitariot', 'hope']"
0,0.054723088,1.0467509,"['dont', 'think', 'cause', 'alejandralei', 'cousins', 'party', 'birthday']"
0,0.12381401,0.1482824,"['little', 'big', 'much', 'get', 'baby', 'fell', 'brother', 'man', 'missed', 'waiting', 'daddy', 'poor', 'sweet', 'today', 'home', 'asleep']"
0,-1.7743373,-0.23722582,"['going', 'angel', 'weekend', 'athlete', 'miss']"
0,2.718806,-0.7662006,"['hard', 'trust']"
0,-0.4180019,0.60654926,"['tomomorrow', 'watched', 'today', 'yaknow', 'need', 'considering', 'bestfriend', 'shawnna']"
0,2.1278086,-0.4731388,"['grr', 'keep', 'reading', 'anything', 'left', 'wont', 'read', 'want']"
0,2.9800694,0.74350655,"['world', 'atekinzz']"
0,1.7418497,2.107776,"['supposed', 'rumlover', 'date']"
0,0.32733724,0.29892996,"['oh', 'gawwd', 'life', 'quot', 'forward', 'hamilton', 'flashed', 'cabernet', 'cats', 'win', 'tad', 'pears', 'brie', 'bottle', 'date']"
0,1.2180272,2.5828378,"['crap', 'need', 'dresses']"
0,-0.6354899,-1.6730057,"['yeah', 'horrible', 'saddening', 'ugh', 'know', 'kaeeeep']"
0,0.76904887,-0.97934467,"['ur', 'brodhe', 'fun', 'geez']"
0,1.7615668,-1.1828922,"['band', 'wanna', 'rock', 'punk']"
0,1.2617515,-0.7265008,"['tuesday', 'jyesmith', 'afternoon', 'lot', 'angst']"
0,0.3033024,0.10454364,"['sad', 'one', 'glad', 'crazy', 'next', 'ap', 'hell', 'anymore', 'britney', 'county', 'show', 'cook']"
0,1.1643921,2.424994,"['crap', 'headache', 'feel', 'huuuge', 'like', 'omg']"
0,3.0982814,-0.95462126,"['anistorm', 'sorry']"
